model,seed,C,wH,wOPs,wOPt,wT,wG,C_a,wH_a,wOPs_a,wOPt_a,wT_a,wG_a,mean_H,std_H,op_up,op_down,mi1,decay,tc_mean,gzip_ratio
trained,42,0.0,1.0,0.0,0.0,0.999049,0.464282,0.536305,1.963124,0.999729,0.0,0.752282,0.363246,0.376151,0.336297,0.0,0.45219,0.438111,0.0,0.902181,0.038062
random,0,0.0,1.0,0.0,0.0,0.976535,0.610607,0.729826,1.954739,0.999574,0.0,0.803695,0.464756,0.419851,0.315543,0.0,0.574904,0.513756,0.0,0.889104,0.050336
random,1,0.0,1.0,0.0,0.0,0.975333,0.642881,0.762705,1.953976,0.999377,0.0,0.80468,0.485383,0.389,0.315491,0.0,0.595192,0.507885,0.0,0.888825,0.053
random,2,0.0,1.0,0.0,0.0,0.998906,0.540893,0.60419,1.922049,0.999755,0.0,0.751591,0.418344,0.309851,0.276267,0.0,0.540682,0.56961,0.0,0.90234,0.044568
random,3,0.0,1.0,0.0,0.0,0.986748,0.527184,0.618079,1.904991,0.999703,0.0,0.793818,0.408845,0.368093,0.252124,0.0,0.55383,0.514144,0.0,0.891833,0.043422
random,4,0.0,1.0,0.0,0.0,0.989242,0.567443,0.613283,1.929043,0.999486,0.0,0.728939,0.436366,0.345932,0.280013,0.0,0.585048,0.56487,0.0,0.907354,0.046773
random,5,0.0,1.0,0.0,0.0,0.810833,0.442631,0.77267,1.895982,1.995799,0.0,0.589043,0.346653,0.282142,0.254071,0.331038,0.358712,0.467841,0.0,0.93238,0.036164
random,6,0.0,1.0,0.0,0.0,0.874668,0.434153,0.412001,1.924069,0.999807,0.0,0.629895,0.340012,0.2648,0.294762,0.0,0.51798,0.616768,0.0,0.925876,0.035411
random,7,0.0,1.0,0.0,0.0,0.959552,0.587472,1.429069,1.951916,1.996166,0.0,0.81565,0.449667,0.372272,0.312808,0.318114,0.569493,0.495307,0.0,0.885632,0.048428
random,8,0.0,1.0,0.0,0.0,0.964301,0.510435,0.630845,1.955537,0.999791,0.0,0.812662,0.397043,0.372428,0.319823,0.0,0.52693,0.506794,0.0,0.886518,0.042013
random,9,0.0,1.0,0.0,0.0,0.838082,0.61461,0.780847,1.941249,0.999656,0.0,0.860997,0.467339,0.493606,0.292003,0.0,0.562652,0.398024,0.0,0.870281,0.050666
random,10,0.0,1.0,0.0,0.0,0.995119,0.567717,0.645975,1.89378,0.999698,0.0,0.781597,0.43655,0.343524,0.243394,0.0,0.55488,0.526683,0.0,0.895054,0.046796
random,11,0.0,1.0,0.0,0.0,0.805366,0.670779,0.810194,1.855382,0.999222,0.0,0.869,0.502891,0.47435,0.212884,0.0,0.606756,0.441358,0.0,0.867102,0.055317
random,12,0.0,1.0,0.0,0.0,0.985901,0.481629,0.531091,1.950691,0.999805,0.0,0.723876,0.376184,0.333173,0.315598,0.0,0.518897,0.580167,0.0,0.908426,0.039561
random,13,0.005206,1.0,0.0,0.009105,0.775411,0.737324,0.932934,1.943035,0.999103,0.009105,0.875608,0.543889,0.424389,0.295404,0.0,0.614,0.451279,0.000911,0.864338,0.060966
random,14,0.001126,1.0,0.0,0.00237,0.902583,0.526257,0.500111,1.883784,0.999705,0.00237,0.64903,0.408197,0.302435,0.239181,0.0,0.553397,0.607671,0.000237,0.922638,0.043345
random,15,0.001481,1.0,0.0,0.00766,0.573678,0.337103,0.212825,1.867593,0.999763,0.00766,0.440533,0.256774,0.200759,0.284411,0.0,0.461917,0.740062,0.000775,0.952711,0.026265
random,16,0.0,1.0,0.0,0.0,0.967971,0.616481,0.742649,1.956932,0.999703,0.0,0.810189,0.468544,0.392425,0.321148,0.0,0.553671,0.477127,0.0,0.887242,0.05082
random,17,0.0,1.0,0.0,0.0,0.948013,0.460743,0.477101,1.934922,0.999757,0.0,0.684014,0.360568,0.32547,0.290682,0.0,0.539977,0.626766,0.0,0.916338,0.037754
random,18,0.0,1.0,0.0,0.0,0.925348,0.613662,1.513144,1.95123,1.995291,0.0,0.832725,0.466728,0.41398,0.309232,0.306492,0.565725,0.480222,0.0,0.880304,0.050588
random,19,0.0,1.0,0.0,0.0,0.969449,0.596083,0.704394,1.912423,0.99975,0.0,0.809147,0.455316,0.365631,0.259557,0.0,0.542263,0.483698,0.0,0.887545,0.049139
random,20,0.0,1.0,0.0,0.0,0.87862,0.589655,0.75433,1.969339,0.999539,0.0,0.849503,0.451104,0.46272,0.348157,0.0,0.579168,0.472467,0.0,0.874564,0.048608
random,21,0.016547,1.0,0.0,0.030601,0.916562,0.589955,0.756679,1.945807,0.999753,0.030601,0.836294,0.4513,0.389558,0.30102,0.0,0.541129,0.472349,0.003062,0.879128,0.048633
random,22,0.0,1.0,0.0,0.0,0.967971,0.607522,0.737936,1.969402,0.999408,0.0,0.810189,0.46276,0.427081,0.349317,0.0,0.59257,0.467271,0.0,0.887242,0.050082
random,23,0.020835,1.0,0.0,0.031698,0.987306,0.665728,0.783948,1.91863,0.999127,0.031698,0.79317,0.49974,0.411346,0.264498,0.0,0.61263,0.523409,0.003172,0.892008,0.054896
random,24,0.0,1.0,0.0,0.0,0.904981,0.423888,0.396563,1.838946,0.998605,0.0,0.650734,0.331854,0.250704,0.217854,0.0,0.363571,0.471222,0.0,0.922343,0.034491
random,25,0.0,1.0,0.0,0.0,0.996622,0.659685,0.753456,1.95342,0.999192,0.0,0.778336,0.49596,0.373847,0.315524,0.0,0.608668,0.5433,0.0,0.895886,0.054393
random,26,0.0,1.0,0.0,0.0,0.996657,0.58696,0.688051,1.968102,0.999742,0.0,0.778251,0.44933,0.377055,0.349305,0.0,0.544461,0.498951,0.0,0.895908,0.048386
random,27,0.0,1.0,0.0,0.0,0.978807,0.539406,0.656987,1.964213,0.999675,0.0,0.80175,0.417321,0.390231,0.337708,0.0,0.559228,0.498531,0.0,0.889651,0.044444
random,28,0.000703,1.0,0.0,0.002727,0.656152,0.392918,0.318869,1.828428,1.150037,0.002727,0.493744,0.306402,0.217364,0.226654,0.015137,0.510683,0.75696,0.000277,0.9459,0.031657
random,29,0.0,1.0,0.0,0.0,0.727427,0.359066,0.270418,1.815928,0.999759,0.0,0.537832,0.276946,0.207512,0.225023,0.0,0.460489,0.680497,0.0,0.93989,0.028437
random,30,0.0,1.0,0.0,0.0,0.98665,0.467836,0.785167,1.961194,1.509173,0.0,0.724962,0.365921,0.328039,0.340025,0.056186,0.507074,0.551005,0.0,0.908198,0.038371
random,31,0.0,1.0,0.0,0.0,0.928634,0.460903,0.449605,1.865699,0.999792,0.0,0.66826,0.36069,0.270263,0.231191,0.0,0.526852,0.616505,0.0,0.919241,0.037768
random,32,0.0,1.0,0.0,0.0,0.95767,0.630882,0.760677,1.950632,0.999324,0.0,0.816777,0.477766,0.406556,0.308442,0.0,0.599445,0.501928,0.0,0.885294,0.052009
random,33,0.0,1.0,0.0,0.0,0.846594,0.450482,0.419571,1.945441,0.999751,0.0,0.611579,0.35273,0.293805,0.316967,0.0,0.541857,0.637333,0.0,0.928856,0.036856
random,34,0.0,1.0,0.0,0.0,1.0,0.563554,0.639383,1.935987,0.999717,0.0,0.761618,0.433755,0.35923,0.288163,0.0,0.550539,0.529875,0.0,0.899994,0.046451
random,35,0.0,1.0,0.0,0.0,0.978316,0.534757,0.653184,1.966706,0.999792,0.0,0.802179,0.41411,0.416744,0.34242,0.0,0.526646,0.493988,0.0,0.88953,0.044056
random,36,0.032393,1.0,0.0,0.06793,0.989499,0.481917,0.557188,1.900866,0.99981,0.06793,0.729355,0.376396,0.307127,0.253679,0.0,0.51498,0.566149,0.006806,0.907265,0.039585
random,37,0.0,1.0,0.0,0.0,0.913664,0.686222,0.837447,1.953734,0.998777,0.0,0.837421,0.512483,0.482047,0.312624,0.0,0.629766,0.480797,0.0,0.878752,0.056609
random,38,0.0,1.0,0.0,0.0,0.947531,0.483045,0.49614,1.924324,0.999818,0.0,0.6836,0.377227,0.281305,0.287192,0.0,0.504867,0.584266,0.0,0.916416,0.039682
random,39,0.0,1.0,0.0,0.0,0.711291,0.713166,0.912595,1.944185,0.998998,0.0,0.88807,0.529089,0.518005,0.296459,0.0,0.619647,0.442415,0.0,0.858728,0.058888
random,40,0.0,1.0,0.0,0.0,0.901764,0.699801,0.853492,1.947699,0.999382,0.0,0.841818,0.520869,0.448237,0.302372,0.0,0.594788,0.444162,0.0,0.877262,0.057753
random,41,0.0,1.0,0.0,0.0,0.983651,0.56174,0.670077,1.943882,0.999738,0.0,0.797164,0.432534,0.366565,0.299416,0.0,0.545598,0.482598,0.0,0.890922,0.046301
random,42,0.0,1.0,0.0,0.0,0.863409,0.424105,0.400085,1.936177,0.999818,0.0,0.622462,0.332027,0.294913,0.300048,0.0,0.502974,0.641014,0.0,0.927099,0.034511
random,43,0.002311,1.0,0.0,0.004904,0.925728,0.509034,0.498945,1.882783,0.999753,0.004904,0.666024,0.396045,0.280476,0.242459,0.0,0.541124,0.598517,0.000491,0.919644,0.041895
random,44,0.0,1.0,0.0,0.0,0.881256,0.656157,0.827034,1.974368,0.999651,0.0,0.848677,0.493747,0.451114,0.363823,0.0,0.563527,0.435882,0.0,0.87486,0.0541
random,45,0.0,1.0,0.0,0.0,0.873251,0.503182,0.792433,1.927933,1.667718,0.0,0.628952,0.391859,0.272635,0.296408,0.080707,0.542552,0.650122,0.0,0.926032,0.041399
random,46,0.0,1.0,0.0,0.0,0.81512,0.581175,1.482082,1.923728,1.995246,0.0,0.86671,0.445511,0.451862,0.269574,0.304685,0.541739,0.436334,0.0,0.86803,0.047909
random,47,0.000474,1.0,0.0,0.000775,0.998802,0.611666,0.694167,1.931621,0.999775,0.000775,0.771684,0.46544,0.328464,0.285553,0.0,0.533739,0.510096,7.8e-05,0.897552,0.050423
random,48,0.0,1.0,0.0,0.0,0.954625,0.577753,0.71322,1.966538,0.999631,0.0,0.81854,0.443243,0.415167,0.342057,0.0,0.566695,0.50834,0.0,0.884762,0.047626
random,49,0.0,1.0,0.0,0.0,0.745749,0.437928,0.355967,1.890686,0.999807,0.0,0.549041,0.34298,0.266102,0.253855,0.0,0.517724,0.686132,0.0,0.938299,0.035747
random,50,0.0,1.0,0.0,0.0,0.977125,0.536436,0.651822,1.954716,0.999746,0.0,0.8032,0.415271,0.380914,0.317483,0.0,0.543317,0.510847,0.0,0.889243,0.044196
random,51,0.0,1.0,0.0,0.0,0.990464,0.526128,0.580606,1.946981,0.999659,0.0,0.730959,0.408108,0.376659,0.303738,0.0,0.562092,0.572104,0.0,0.906922,0.043334
random,52,0.0,1.0,0.0,0.0,0.959087,0.4878,0.516392,1.955271,0.999682,0.0,0.69392,0.380716,0.351232,0.321727,0.0,0.558031,0.594348,0.0,0.914452,0.04009
random,53,0.0,1.0,0.0,0.0,0.872866,0.589409,0.735376,1.916431,0.999607,0.0,0.851269,0.450942,0.458262,0.261543,0.0,0.570362,0.472441,0.0,0.873926,0.048588
random,54,0.0,1.0,0.0,0.0,0.913215,0.47044,0.46747,1.935458,0.999818,0.0,0.656675,0.367873,0.306614,0.295422,0.0,0.503359,0.589848,0.0,0.921305,0.038596
random,55,0.005615,1.0,0.0,0.009717,0.94296,0.612758,0.758195,1.954285,0.999468,0.009717,0.824709,0.466145,0.424721,0.314526,0.0,0.586912,0.527982,0.000972,0.882864,0.050513
random,56,0.0,1.0,0.0,0.0,0.98748,0.506169,0.969475,1.913368,1.770877,0.0,0.726196,0.394,0.351976,0.261362,0.102311,0.542735,0.572192,0.0,0.907937,0.041653
random,57,0.0,1.0,0.0,0.0,0.642115,0.377291,0.263868,1.857396,0.999804,0.0,0.484898,0.293033,0.212876,0.25531,0.0,0.480406,0.714879,0.0,0.947063,0.030188
random,58,0.0,1.0,0.0,0.0,0.922963,0.483984,0.939014,1.90959,1.959829,0.0,0.663921,0.377918,0.28065,0.268812,0.194642,0.528078,0.610984,0.0,0.920021,0.039763
random,59,0.0,1.0,0.0,0.0,0.93255,0.594425,0.736693,1.956012,0.999465,0.0,0.829602,0.454232,0.434807,0.317601,0.0,0.587139,0.48228,0.0,0.881314,0.049002
random,60,0.0,1.0,0.0,0.0,0.997912,0.524831,0.61897,1.962222,0.999773,0.0,0.77484,0.4072,0.378457,0.333894,0.0,0.534591,0.501213,0.0,0.896767,0.043225
random,61,0.0,1.0,0.0,0.0,0.871251,0.644427,0.812084,1.961531,0.999386,0.0,0.851755,0.48636,0.457137,0.328737,0.0,0.594482,0.485521,0.0,0.873749,0.053128
random,62,0.0,1.0,0.0,0.0,0.873269,0.618274,0.781108,1.95483,0.999493,0.0,0.851147,0.469697,0.42923,0.315443,0.0,0.584361,0.482502,0.0,0.87397,0.050968
random,63,0.0,1.0,0.0,0.0,0.898985,0.511767,0.652895,1.946956,0.999755,0.0,0.842796,0.397989,0.407121,0.302136,0.0,0.540779,0.476072,0.0,0.876925,0.042126
random,64,0.0,1.0,0.0,0.0,0.647523,0.36231,0.223907,1.638899,0.999747,0.0,0.488315,0.279851,0.153438,0.18249,0.0,0.457129,0.720274,0.0,0.946616,0.028752
random,65,0.0,1.0,0.0,0.0,0.985963,0.658356,0.764812,1.945409,0.99913,0.0,0.794704,0.495127,0.363943,0.302119,0.0,0.612453,0.52288,0.0,0.891593,0.054283
random,66,0.0,1.0,0.0,0.0,0.974707,0.565416,0.675031,1.927769,0.999719,0.0,0.805183,0.435007,0.356193,0.2775,0.0,0.550119,0.501443,0.0,0.888682,0.046606
random,67,0.0,1.0,0.0,0.0,0.812204,0.438534,0.389923,1.924944,0.999807,0.0,0.589896,0.343455,0.285242,0.286591,0.0,0.517834,0.678807,0.0,0.932249,0.0358
random,68,0.009231,1.0,0.0,0.038407,0.621686,0.386584,0.252962,1.715355,0.999729,0.038407,0.471888,0.301029,0.170105,0.19994,0.0,0.452218,0.709722,0.003866,0.94875,0.031065
random,69,0.0,1.0,0.0,0.0,0.927042,0.714316,1.704168,1.937547,1.995379,0.0,0.832007,0.529795,0.444902,0.287044,0.327879,0.648785,0.503027,0.0,0.880538,0.058986
random,70,0.0,1.0,0.0,0.0,0.729853,0.419647,0.531722,1.850389,1.62224,0.0,0.539318,0.328444,0.205727,0.256389,0.0729,0.471954,0.716664,0.0,0.939681,0.034108
random,71,0.0,1.0,0.0,0.0,0.998636,0.469505,0.560571,1.977155,0.99978,0.0,0.772349,0.367174,0.4205,0.375178,0.0,0.531789,0.546934,0.0,0.897388,0.038515
random,72,0.0,1.0,0.0,0.0,0.970342,0.562755,0.687211,1.962677,0.999662,0.0,0.808503,0.433218,0.368225,0.336091,0.0,0.561653,0.496584,0.0,0.887731,0.046385
random,73,0.0,1.0,0.0,0.0,0.931107,0.468415,0.4739,1.930486,0.999818,0.0,0.670186,0.366356,0.261703,0.307344,0.0,0.500307,0.610447,0.0,0.918892,0.038421
random,74,0.0,1.0,0.0,0.0,0.868964,0.433245,0.394334,1.856593,0.999807,0.0,0.626113,0.339296,0.301414,0.219187,0.0,0.5175,0.632679,0.0,0.9265,0.03533
random,75,0.009848,1.0,0.0,0.019531,0.87847,0.573958,0.729996,1.913218,0.999543,0.019531,0.84955,0.440719,0.426074,0.25857,0.0,0.578727,0.446748,0.001954,0.874547,0.047312
random,76,0.011111,1.0,0.0,0.026988,0.90894,0.452929,0.452945,1.903366,0.999794,0.026988,0.653572,0.35461,0.266611,0.266874,0.0,0.525454,0.62112,0.002702,0.921849,0.037071
random,77,0.0,1.0,0.0,0.0,0.957948,0.501034,0.519583,1.92166,0.999808,0.0,0.69286,0.390316,0.336452,0.271908,0.0,0.517209,0.580096,0.0,0.914656,0.041217
random,78,0.020759,1.0,0.0,0.046046,0.977772,0.461081,0.52708,1.958005,0.999781,0.046046,0.713356,0.360825,0.333495,0.330908,0.0,0.531539,0.605288,0.004611,0.910601,0.037783
random,79,0.0,1.0,0.0,0.0,0.956547,0.574797,0.706883,1.960366,0.999643,0.0,0.817436,0.441278,0.380517,0.329407,0.0,0.564862,0.494308,0.0,0.885096,0.047382
random,80,0.0,1.0,0.0,0.0,0.801858,0.579944,1.46918,1.945739,1.952113,0.0,0.869806,0.444696,0.427908,0.299554,0.185806,0.569394,0.451554,0.0,0.866772,0.047807
random,81,0.0,1.0,0.0,0.0,0.770098,0.409738,0.338451,1.873587,0.999806,0.0,0.563937,0.320388,0.224227,0.260957,0.0,0.481573,0.66548,0.0,0.936141,0.033208
random,82,0.0,1.0,0.0,0.0,0.99777,0.511998,0.575159,1.933729,0.999779,0.0,0.747202,0.398153,0.342609,0.28662,0.0,0.532212,0.564262,0.0,0.903341,0.042145
random,83,0.00087,1.0,0.0,0.001594,0.985979,0.553731,0.591574,1.910783,0.999601,0.001594,0.723988,0.427117,0.351152,0.258753,0.0,0.571165,0.565964,0.000159,0.908402,0.045637
random,84,0.004933,1.0,0.0,0.008931,0.771495,0.71602,0.920636,1.963402,0.998923,0.008931,0.876429,0.53084,0.463284,0.332938,0.0,0.623322,0.442359,0.000893,0.863984,0.059131
random,85,0.0,1.0,0.0,0.0,0.803157,0.459957,0.405182,1.926818,0.999816,0.0,0.58428,0.359972,0.277004,0.2926,0.0,0.508683,0.681847,0.0,0.933106,0.037685
random,86,0.011046,1.0,0.0,0.023127,0.950596,0.502472,0.536281,1.952171,0.999757,0.023127,0.686252,0.39135,0.327929,0.319602,0.0,0.540133,0.618041,0.002315,0.915916,0.041339
random,87,0.0,1.0,0.0,0.0,0.999604,0.547253,1.230861,1.931693,1.994934,0.0,0.755623,0.422705,0.348039,0.28328,0.301448,0.544986,0.52221,0.0,0.901407,0.045098
random,88,0.0,1.0,0.0,0.0,0.530196,0.606671,0.822759,1.943861,0.99977,0.0,0.915946,0.462208,0.509375,0.295933,0.0,0.535846,0.358487,0.0,0.843675,0.050012
random,89,0.0,1.0,0.0,0.0,0.9994,0.546175,0.624772,1.926519,0.999701,0.0,0.768774,0.421968,0.380721,0.27449,0.0,0.554105,0.55058,0.0,0.898268,0.045008
random,90,0.0,1.0,0.0,0.0,0.746842,0.382186,0.302468,1.851339,0.999818,0.0,0.549709,0.297262,0.225119,0.239288,0.0,0.500701,0.690212,0.0,0.938204,0.030651
random,91,0.0,1.0,0.0,0.0,0.982769,0.585815,0.715978,1.929332,1.14968,0.0,0.719581,0.448576,0.319555,0.283877,0.015123,0.572763,0.580197,0.0,0.909322,0.048292
random,92,0.0,1.0,0.0,0.0,0.971681,0.441608,0.46647,1.909402,0.999817,0.0,0.706494,0.345857,0.29265,0.265274,0.0,0.505376,0.599473,0.0,0.911985,0.036073
random,93,0.0,1.0,0.0,0.0,0.854659,0.711707,0.875284,1.937124,0.998732,0.0,0.856545,0.528193,0.44806,0.286419,0.0,0.631606,0.447618,0.0,0.871977,0.058764
random,94,0.0,1.0,0.0,0.0,0.973804,0.632938,0.870066,1.96014,1.149696,0.0,0.805895,0.479075,0.411226,0.326954,0.015136,0.5854,0.513261,0.0,0.888479,0.052178
random,95,0.0,1.0,0.0,0.0,0.987814,0.468001,0.518051,1.947885,0.999812,0.0,0.726702,0.366045,0.336194,0.309821,0.0,0.513569,0.54626,0.0,0.90783,0.038385
random,96,0.0,1.0,0.0,0.0,0.989979,0.595754,0.699662,1.94731,0.999574,0.0,0.789823,0.455101,0.354399,0.306284,0.0,0.574806,0.521818,0.0,0.892904,0.049112
random,97,0.0,1.0,0.0,0.0,0.990495,0.486361,0.584085,1.949958,0.999788,0.0,0.789124,0.379662,0.341513,0.312759,0.0,0.471273,0.467928,0.0,0.89309,0.039967
random,98,0.0,1.0,0.0,0.0,0.963963,0.580967,0.706129,1.951089,0.999666,0.0,0.812882,0.445374,0.398229,0.309622,0.0,0.560915,0.514256,0.0,0.886453,0.047891
random,99,0.0,1.0,0.0,0.0,0.997674,0.516026,0.580385,1.938423,0.99968,0.0,0.746886,0.401007,0.381217,0.290154,0.0,0.558412,0.548232,0.0,0.903412,0.042485
random,100,0.0,1.0,0.0,0.0,0.914689,0.585482,0.733687,1.955912,0.999539,0.0,0.837025,0.448356,0.426743,0.317614,0.0,0.579172,0.511828,0.0,0.878885,0.048264
random,101,0.026313,1.0,0.0,0.048819,0.999835,0.539086,0.647416,1.953391,0.999816,0.048819,0.757756,0.4171,0.357307,0.317143,0.0,0.507776,0.528431,0.004887,0.900908,0.044418
random,102,0.0,1.0,0.0,0.0,0.999823,0.523283,0.598695,1.946321,0.999755,0.0,0.757613,0.406116,0.348476,0.305283,0.0,0.540708,0.52994,0.0,0.900941,0.043095
random,103,0.0,1.0,0.0,0.0,0.741145,0.420044,0.347084,1.933159,0.999793,0.0,0.546226,0.328764,0.279621,0.301322,0.0,0.526062,0.687595,0.0,0.938701,0.034144
random,104,0.0,1.0,0.0,0.0,0.914011,0.502608,0.646245,1.972179,0.999776,0.0,0.837287,0.391448,0.423214,0.357778,0.0,0.533421,0.474499,0.0,0.878797,0.041351
random,105,0.0,1.0,0.0,0.0,0.778254,0.405502,0.343596,1.906109,0.999792,0.0,0.568937,0.316903,0.265376,0.270538,0.0,0.473158,0.657542,0.0,0.935405,0.03282
random,106,0.0,1.0,0.0,0.0,0.526242,0.640284,0.86623,1.954863,0.999503,0.0,0.916478,0.483739,0.537707,0.314907,0.0,0.583266,0.402425,0.0,0.843343,0.052785
random,107,0.003596,0.999998,0.0,0.027263,0.435857,0.302613,0.255187,1.664779,1.985475,0.027263,0.341354,0.223105,0.13844,0.235121,0.247148,0.434836,0.77566,0.002789,0.964438,0.022692
random,108,0.0,1.0,0.0,0.0,0.588071,0.625155,0.848939,1.973259,0.999527,0.0,0.907861,0.474109,0.517622,0.359647,0.0,0.580567,0.37851,0.0,0.848478,0.051536
random,109,0.0,1.0,0.0,0.0,0.996083,0.55764,0.621408,1.948623,0.999554,0.0,0.742353,0.429766,0.37546,0.306631,0.0,0.577338,0.544458,0.0,0.90443,0.045961
random,110,0.019549,1.0,0.0,0.03684,0.973069,0.545327,0.677234,1.922541,0.999723,0.03684,0.806464,0.421388,0.395719,0.26925,0.0,0.549207,0.503709,0.003686,0.888317,0.044938
random,111,0.0,1.0,0.0,0.0,0.998641,0.528192,0.798641,1.914014,1.357673,0.0,0.750423,0.409548,0.327451,0.264304,0.037451,0.543756,0.566821,0.0,0.902608,0.043507
random,112,0.0,1.0,0.0,0.0,0.998866,0.600695,0.674617,1.908796,0.999622,0.0,0.771416,0.458325,0.348531,0.256937,0.0,0.5682,0.535198,0.0,0.897618,0.049519
random,113,0.0,1.0,0.0,0.0,0.870294,0.60274,1.494327,1.947316,1.959366,0.0,0.852042,0.459656,0.452928,0.301678,0.194391,0.58099,0.447306,0.0,0.873644,0.049688
random,114,0.0,1.0,0.0,0.0,0.982944,0.521702,0.564645,1.937344,0.999741,0.0,0.719812,0.405007,0.312038,0.297003,0.0,0.544688,0.580473,0.0,0.909275,0.042962
random,115,0.0,1.0,0.0,0.0,0.800702,0.605859,0.784234,1.953436,0.999425,0.0,0.87007,0.461681,0.468506,0.312163,0.0,0.591002,0.42844,0.0,0.866663,0.049945
random,116,0.0,1.0,0.0,0.0,0.998854,0.484003,0.553952,1.951211,0.999795,0.0,0.751352,0.377932,0.349735,0.313914,0.0,0.524976,0.534903,0.0,0.902395,0.039764
random,117,0.0,1.0,0.0,0.0,0.989985,0.566634,0.657302,1.910121,0.999694,0.0,0.789816,0.435824,0.358062,0.257642,0.0,0.555705,0.509924,0.0,0.892906,0.046706
random,118,0.0,1.0,0.0,0.0,0.753137,0.385578,0.587094,1.790645,1.973189,0.0,0.553558,0.300169,0.209173,0.207038,0.215309,0.477657,0.646765,0.0,0.93765,0.030971
random,119,0.0,1.0,0.0,0.0,0.787268,0.430274,0.37373,1.93111,0.999817,0.0,0.574475,0.336945,0.255674,0.313317,0.0,0.505988,0.678587,0.0,0.934582,0.035064
random,120,0.0,1.0,0.0,0.0,0.89186,0.489054,0.460741,1.882373,0.99973,0.0,0.64154,0.381633,0.291273,0.239853,0.0,0.547587,0.625955,0.0,0.923921,0.040197
random,121,0.0,1.0,0.0,0.0,0.865862,0.399787,0.378013,1.940758,0.999818,0.0,0.62407,0.312162,0.290867,0.3094,0.0,0.50053,0.656965,0.0,0.926836,0.032294
random,122,0.0,1.0,0.0,0.0,0.875418,0.399938,0.370647,1.883161,0.999781,0.0,0.630395,0.312288,0.232366,0.264427,0.0,0.468351,0.608826,0.0,0.925793,0.032308
random,123,0.0,1.0,0.0,0.0,0.975357,0.476579,0.581939,1.942147,0.999808,0.0,0.804661,0.372448,0.374054,0.296136,0.0,0.51659,0.527207,0.0,0.888831,0.039126
random,124,0.005558,1.0,0.0,0.011296,0.814597,0.60406,0.780941,1.935175,0.999629,0.011296,0.866835,0.460514,0.425572,0.284116,0.0,0.567075,0.442097,0.00113,0.86798,0.049796
random,125,0.0,1.0,0.0,0.0,0.74791,0.706903,1.765499,1.947103,1.959058,0.0,0.881197,0.525241,0.488055,0.30107,0.194295,0.601953,0.399037,0.0,0.86189,0.058355
random,126,0.0,1.0,0.0,0.0,0.892474,0.641985,0.798179,1.94954,0.999359,0.0,0.845025,0.484816,0.41478,0.306235,0.0,0.5967,0.489132,0.0,0.876151,0.052926
random,127,0.0,1.0,0.0,0.0,0.989909,0.516333,0.643482,1.910794,1.149729,0.0,0.730028,0.401225,0.388741,0.256964,0.015126,0.570123,0.577146,0.0,0.907121,0.042511
random,128,0.0,1.0,0.0,0.0,0.944885,0.537386,0.54549,1.925431,0.999698,0.0,0.681354,0.415928,0.321389,0.278482,0.0,0.554828,0.594281,0.0,0.916836,0.044276
random,129,0.0,1.0,0.0,0.0,0.933033,0.593932,1.41771,1.91312,1.96843,0.0,0.829386,0.453909,0.396542,0.259076,0.207366,0.577616,0.501664,0.0,0.881384,0.048961
random,130,0.002754,1.0,0.0,0.005523,0.998037,0.499603,1.084985,1.94844,1.906539,0.005523,0.748112,0.389285,0.338917,0.310377,0.150901,0.53382,0.572368,0.000552,0.903135,0.041096
random,131,0.021322,1.0,0.0,0.045388,0.984233,0.477287,0.546047,1.941333,0.999788,0.045388,0.721544,0.372973,0.35144,0.296806,0.0,0.528461,0.55566,0.004543,0.908914,0.039187
random,132,0.0,1.0,0.0,0.0,0.721375,0.702443,1.641883,1.911192,1.855265,0.0,0.886235,0.522496,0.477828,0.256126,0.127861,0.611197,0.414142,0.0,0.85959,0.057977
random,133,0.0,1.0,0.0,0.0,0.505807,0.625541,1.661755,1.952633,1.951803,0.0,0.91919,0.474356,0.530767,0.310685,0.185475,0.569591,0.392786,0.0,0.841622,0.051568
random,134,0.001836,1.0,0.0,0.003269,0.817761,0.686593,0.86093,1.934332,0.999052,0.003269,0.866077,0.512712,0.477073,0.28242,0.0,0.616856,0.453914,0.000327,0.868284,0.05664
random,135,0.0,1.0,0.0,0.0,0.987176,0.456324,0.494229,1.906871,0.999784,0.0,0.72574,0.357207,0.287355,0.263852,0.0,0.469538,0.52935,0.0,0.908033,0.037368
random,136,0.0,1.0,0.0,0.0,0.944073,0.489847,1.203479,1.936256,1.973165,0.0,0.824155,0.382211,0.379191,0.287193,0.215232,0.506944,0.492163,0.0,0.883037,0.040265
random,137,0.001758,1.0,0.0,0.002931,0.967125,0.62014,0.743966,1.944071,0.999414,0.002931,0.810773,0.470896,0.416507,0.297206,0.0,0.592025,0.521959,0.000293,0.887072,0.051122
random,138,0.0,1.0,0.0,0.0,0.999987,0.562029,1.249575,1.949309,1.942369,0.0,0.762665,0.432729,0.445781,0.305114,0.176275,0.576666,0.536241,0.0,0.899744,0.046325
random,139,0.0,1.0,0.0,0.0,0.767837,0.64593,1.035833,1.920103,1.262024,0.0,0.877189,0.487309,0.449165,0.265543,0.026867,0.566437,0.413614,0.0,0.863656,0.053253
random,140,0.045503,1.0,0.0,0.077342,0.985678,0.59688,0.754358,1.932917,0.999561,0.077342,0.79502,0.455837,0.427271,0.281096,0.0,0.576468,0.499252,0.007751,0.891507,0.049204
random,141,0.0,1.0,0.0,0.0,0.888105,0.459299,0.442322,1.926166,0.999781,0.0,0.638962,0.359472,0.29293,0.285754,0.0,0.531607,0.616411,0.0,0.924358,0.037628
random,142,0.002201,1.0,0.0,0.004072,0.964879,0.56012,0.683432,1.942767,0.999724,0.004072,0.812282,0.431442,0.370673,0.297335,0.0,0.548924,0.516902,0.000407,0.88663,0.046167
random,143,0.0,1.0,0.0,0.0,0.986834,0.571311,0.673556,1.934126,0.999546,0.0,0.79372,0.438954,0.400068,0.283383,0.0,0.57839,0.490124,0.0,0.891859,0.047093
random,144,0.0,1.0,0.0,0.0,0.976516,0.575626,0.611849,1.946546,0.999345,0.0,0.711885,0.441829,0.364874,0.303933,0.0,0.597853,0.598978,0.0,0.9109,0.04745
random,145,0.0,1.0,0.0,0.0,0.870594,0.367535,0.34536,1.935975,0.999778,0.0,0.62719,0.284491,0.249961,0.329267,0.0,0.467247,0.641636,0.0,0.926323,0.029256
random,146,0.0,1.0,0.0,0.0,0.646546,0.70945,0.90211,1.9062,0.999268,0.0,0.898997,0.526806,0.53241,0.251369,0.0,0.603602,0.367684,0.0,0.853304,0.058571
random,147,0.065873,1.0,0.0,0.106455,0.996186,0.621159,1.223578,1.926339,1.621926,0.106455,0.779349,0.47155,0.386381,0.274031,0.072899,0.585474,0.539523,0.010689,0.895629,0.051206
random,148,0.0,1.0,0.0,0.0,0.943412,0.465709,0.47432,1.914637,0.999804,0.0,0.68012,0.364322,0.299529,0.269567,0.0,0.519652,0.627513,0.0,0.917066,0.038186
random,149,0.003504,1.0,0.0,0.006568,0.9891,0.53932,0.64115,1.930464,0.999732,0.006568,0.790974,0.417262,0.345336,0.28192,0.0,0.547127,0.520508,0.000657,0.892597,0.044437
random,150,0.0,1.0,0.0,0.0,0.999951,0.543691,0.709793,1.933785,1.14992,0.0,0.759507,0.420266,0.317047,0.290566,0.015129,0.535759,0.549232,0.0,0.900495,0.044801
random,151,0.0,1.0,0.0,0.0,0.737072,0.669421,1.697794,1.920035,1.994014,0.0,0.883293,0.502045,0.452706,0.265439,0.295128,0.587169,0.416368,0.0,0.860944,0.055204
random,152,0.0,1.0,0.0,0.0,0.726871,0.397352,0.302865,1.817276,0.999804,0.0,0.537492,0.310128,0.220868,0.21663,0.0,0.519653,0.700144,0.0,0.939938,0.032069
random,153,0.003765,1.0,0.0,0.00999,0.816419,0.461603,0.415758,1.923731,0.999773,0.00999,0.592523,0.36122,0.249389,0.305562,0.0,0.534506,0.673182,0.001002,0.931846,0.037829
random,154,0.0,1.0,0.0,0.0,0.859655,0.657986,1.6462,1.948468,1.99636,0.0,0.855141,0.494895,0.447322,0.303666,0.324275,0.592481,0.464519,0.0,0.872502,0.054252
random,155,0.0,1.0,0.0,0.0,0.958055,0.605907,0.708635,1.88052,0.999518,0.0,0.816549,0.461713,0.443441,0.230114,0.0,0.581589,0.489905,0.0,0.885363,0.049949
random,156,0.0,1.0,0.0,0.0,0.841098,0.478588,0.433757,1.907981,0.999817,0.0,0.608069,0.373937,0.254839,0.278225,0.0,0.505525,0.603425,0.0,0.929415,0.039299
random,157,0.008301,1.0,0.0,0.014198,0.999988,0.58467,0.663425,1.921509,0.999519,0.014198,0.760551,0.447821,0.404638,0.267828,0.0,0.581513,0.544549,0.00142,0.900248,0.048197
random,158,0.0,1.0,0.0,0.0,0.950591,0.547377,0.660591,1.904036,0.999796,0.0,0.82077,0.42279,0.40483,0.250068,0.0,0.524703,0.470985,0.0,0.884083,0.045108
random,159,0.003313,1.0,0.0,0.00545,0.901443,0.674241,0.831044,1.945573,0.999091,0.00545,0.841931,0.505047,0.466,0.29873,0.0,0.614717,0.490342,0.000545,0.877223,0.055606
random,160,0.001521,1.0,0.0,0.002776,0.748969,0.731238,0.935423,1.963054,0.998558,0.002776,0.880989,0.540165,0.549832,0.332336,0.0,0.638103,0.442491,0.000278,0.861983,0.060439
random,161,0.006967,1.0,0.0,0.013352,0.833421,0.626106,0.805134,1.941973,0.999587,0.013352,0.862196,0.474718,0.459488,0.293251,0.0,0.573187,0.463659,0.001336,0.869816,0.051614
random,162,0.0,1.0,0.0,0.0,0.729996,0.396518,0.638473,1.916514,1.995971,0.0,0.539405,0.309429,0.254436,0.290099,0.315467,0.429405,0.615367,0.0,0.939668,0.031991
random,163,0.0,1.0,0.0,0.0,0.952174,0.536493,0.756662,1.932681,1.14975,0.0,0.819908,0.415311,0.438004,0.280614,0.015132,0.5748,0.507781,0.0,0.884346,0.044201
random,164,0.0,1.0,0.0,0.0,0.998024,0.514323,0.587808,1.89882,0.99975,0.0,0.774489,0.399802,0.339004,0.248172,0.0,0.542242,0.524818,0.0,0.896855,0.042341
random,165,0.0,1.0,0.0,0.0,0.991908,0.473488,0.529572,1.950865,0.999816,0.0,0.733501,0.370149,0.302886,0.324358,0.0,0.507503,0.544451,0.0,0.906374,0.03886
random,166,0.0,1.0,0.0,0.0,0.985329,0.489213,0.538969,1.952941,0.999818,0.0,0.723063,0.381748,0.32224,0.322554,0.0,0.500325,0.540898,0.0,0.908597,0.04021
random,167,0.0,1.0,0.0,0.0,0.997707,0.538781,0.603982,1.940009,0.999728,0.0,0.746994,0.41689,0.336417,0.296618,0.0,0.547921,0.545321,0.0,0.903388,0.044392
random,168,0.001918,1.0,0.0,0.003215,0.992658,0.601096,0.70695,1.956235,0.999462,0.003215,0.785932,0.458586,0.419081,0.318494,0.0,0.587507,0.506422,0.000322,0.89393,0.049552
random,169,0.011841,1.0,0.0,0.029576,0.852407,0.46968,0.438003,1.882678,0.999808,0.029576,0.615315,0.367305,0.259215,0.248855,0.0,0.516601,0.614595,0.002961,0.928257,0.03853
random,170,0.0,1.0,0.0,0.0,0.997444,0.548853,1.224854,1.939508,1.997117,0.0,0.746158,0.423797,0.322083,0.298246,0.332128,0.548883,0.563857,0.0,0.903577,0.045231
random,171,0.0,1.0,0.0,0.0,0.944613,0.586824,1.414294,1.957678,1.951879,0.0,0.823884,0.449241,0.422701,0.32129,0.1857,0.585889,0.497397,0.0,0.883121,0.048375
random,172,0.03952,1.0,0.0,0.076609,0.97066,0.531453,0.609273,1.948541,0.999753,0.076609,0.705405,0.411818,0.298161,0.321375,0.0,0.541254,0.588182,0.00768,0.912202,0.04378
random,173,0.0,1.0,0.0,0.0,0.947126,0.533426,0.547724,1.940752,0.999682,0.0,0.683254,0.413188,0.330877,0.298639,0.0,0.557948,0.60386,0.0,0.916481,0.043945
random,174,0.0,1.0,0.0,0.0,0.915758,0.477583,0.939094,1.925354,1.984639,0.0,0.658542,0.373193,0.303403,0.28186,0.24374,0.476093,0.567266,0.0,0.920977,0.039213
random,175,0.0,1.0,0.0,0.0,0.998031,0.580982,1.358545,1.97352,1.995703,0.0,0.774467,0.445383,0.399699,0.363707,0.311343,0.563979,0.489801,0.0,0.896861,0.047893
random,176,0.0,1.0,0.0,0.0,0.999864,0.490832,0.565684,1.949013,0.999793,0.0,0.758107,0.382929,0.342184,0.310911,0.0,0.526257,0.54008,0.0,0.900825,0.040349
random,177,0.002941,1.0,0.0,0.005927,0.997019,0.497699,0.564959,1.944104,0.99979,0.005927,0.744885,0.387911,0.315954,0.307243,0.0,0.527632,0.551433,0.000593,0.903864,0.040934
random,178,0.0,1.0,0.0,0.0,0.999454,0.468926,0.5289,1.911626,0.999807,0.0,0.754566,0.366739,0.311257,0.263987,0.0,0.517353,0.555333,0.0,0.901653,0.038465
random,179,0.0,1.0,0.0,0.0,0.999332,0.600656,0.670487,1.941984,0.999384,0.0,0.753811,0.4583,0.398878,0.294592,0.0,0.594608,0.56983,0.0,0.901828,0.049516
random,180,0.000909,1.0,0.0,0.002606,0.812296,0.429259,0.438442,1.918312,1.149936,0.002606,0.589954,0.336139,0.261002,0.288496,0.015126,0.492573,0.650338,0.000261,0.932241,0.034973
random,181,0.0,1.0,0.0,0.0,0.97089,0.58468,0.704523,1.947325,0.999723,0.0,0.808103,0.447827,0.409777,0.302651,0.0,0.54936,0.481262,0.0,0.887846,0.048198
random,182,0.014542,1.0,0.0,0.037844,0.842862,0.455914,0.840361,1.902861,1.993414,0.037844,0.609193,0.356894,0.31578,0.254353,0.2873,0.529462,0.642603,0.003792,0.929236,0.037332
random,183,0.0,1.0,0.0,0.0,0.992677,0.568059,0.624509,1.946224,0.999618,0.0,0.734936,0.436779,0.333037,0.307407,0.0,0.568703,0.529531,0.0,0.906062,0.046824
random,184,0.0,1.0,0.0,0.0,0.893129,0.473534,0.520515,1.903362,1.149947,0.0,0.642416,0.370184,0.259743,0.26996,0.01513,0.524751,0.633502,0.0,0.923772,0.038864
random,185,0.0,1.0,0.0,0.0,0.933315,0.449612,0.427796,1.80892,0.999725,0.0,0.671924,0.35206,0.244864,0.201366,0.0,0.451303,0.580563,0.0,0.918576,0.036779
random,186,0.0,1.0,0.0,0.0,0.99995,0.558639,0.641182,1.951208,0.999639,0.0,0.763695,0.430442,0.337994,0.315712,0.0,0.565585,0.534634,0.0,0.899498,0.046044
random,187,0.0,1.0,0.0,0.0,0.992892,0.545102,0.643352,1.944598,0.999811,0.0,0.785557,0.421234,0.343004,0.303085,0.0,0.514388,0.481682,0.0,0.894028,0.044919
random,188,0.0,1.0,0.0,0.0,0.988814,0.427725,0.470894,1.930989,0.999816,0.0,0.728256,0.334918,0.321242,0.285841,0.0,0.491819,0.560574,0.0,0.9075,0.034836
random,189,0.0,1.0,0.0,0.0,0.994626,0.548781,0.700719,1.946132,1.149917,0.0,0.738919,0.423748,0.379105,0.30216,0.015133,0.546293,0.544959,0.0,0.905191,0.045225
random,190,0.0,1.0,0.0,0.0,0.977919,0.574937,0.681458,1.924465,0.999697,0.0,0.802523,0.441371,0.371534,0.272489,0.0,0.554914,0.501667,0.0,0.889434,0.047393
random,191,0.0,1.0,0.0,0.0,0.987974,0.529363,0.623539,1.918117,0.999744,0.0,0.792374,0.410364,0.366586,0.265537,0.0,0.543801,0.514991,0.0,0.892222,0.043605
random,192,0.0,1.0,0.0,0.0,0.641518,0.400232,0.258758,1.709115,0.999804,0.0,0.48452,0.312533,0.238461,0.157816,0.0,0.480203,0.687484,0.0,0.947113,0.032335
random,193,0.0,1.0,0.0,0.0,0.806375,0.594874,0.753959,1.910415,0.999444,0.0,0.868767,0.454526,0.485181,0.255344,0.0,0.589199,0.440577,0.0,0.867197,0.049039
random,194,0.0,1.0,0.0,0.0,0.992582,0.544035,0.592456,1.918157,0.999678,0.0,0.734756,0.420502,0.382443,0.264841,0.0,0.558711,0.565032,0.0,0.906101,0.04483
random,195,0.039248,1.0,0.0,0.068811,0.906603,0.629134,0.833728,1.949029,0.999477,0.068811,0.840072,0.476652,0.418785,0.305233,0.0,0.585929,0.48126,0.006893,0.877858,0.051864
random,196,0.0,1.0,0.0,0.0,0.995013,0.497502,0.580578,1.915528,0.999771,0.0,0.781805,0.387769,0.341422,0.264499,0.0,0.535296,0.529743,0.0,0.895,0.040917
random,197,0.0,1.0,0.0,0.0,0.92499,0.627802,0.77752,1.963297,0.999357,0.0,0.832875,0.475801,0.426859,0.333524,0.0,0.596874,0.464597,0.0,0.880255,0.051754
random,198,0.000659,1.0,0.0,0.001551,0.940795,0.451798,0.446607,1.859713,0.999818,0.001551,0.677952,0.353742,0.283344,0.223996,0.0,0.496799,0.613358,0.000155,0.917469,0.036971
random,199,0.0,1.0,0.0,0.0,0.86188,0.495464,0.463961,1.933,0.999807,0.0,0.621462,0.386295,0.313747,0.290102,0.0,0.517668,0.655881,0.0,0.927262,0.040744
random,200,0.0,1.0,0.0,0.0,0.996055,0.554153,1.265057,1.937313,1.959638,0.0,0.779643,0.427404,0.394975,0.287934,0.194685,0.576014,0.549529,0.0,0.895554,0.045672
random,201,0.0,1.0,0.0,0.0,0.81841,0.433647,0.389288,1.93086,0.999817,0.0,0.593766,0.339613,0.240542,0.329932,0.0,0.506547,0.660625,0.0,0.931654,0.035366
random,202,0.0,1.0,0.0,0.0,0.941813,0.630187,0.746501,1.896357,0.99931,0.0,0.825273,0.477323,0.420497,0.242977,0.0,0.60051,0.500308,0.0,0.882687,0.051951
random,203,0.0,1.0,0.0,0.0,0.993607,0.551327,0.640732,1.920222,0.999818,0.0,0.78437,0.425483,0.371326,0.267618,0.0,0.502753,0.474615,0.0,0.894337,0.045437
random,204,0.0,1.0,0.0,0.0,0.970196,0.625,0.704981,1.839916,0.999661,0.0,0.80861,0.47401,0.391619,0.204322,0.0,0.561895,0.481682,0.0,0.8877,0.051523
random,205,0.006346,1.0,0.0,0.013081,0.988996,0.4905,0.540183,1.912972,0.999737,0.013081,0.728544,0.382688,0.306959,0.266199,0.0,0.54561,0.553872,0.001309,0.907438,0.04032
random,206,0.0,1.0,0.0,0.0,0.916085,0.482576,0.468125,1.885931,0.999742,0.0,0.658783,0.376882,0.279595,0.245411,0.0,0.544477,0.611222,0.0,0.920934,0.039642
random,207,0.014319,1.0,0.0,0.035135,0.96559,0.422061,0.459906,1.920902,0.999818,0.035135,0.700194,0.330388,0.309914,0.274847,0.0,0.504532,0.58436,0.003517,0.913232,0.034326
random,208,0.0,1.0,0.0,0.0,0.869291,0.637034,1.592275,1.952563,1.98629,0.0,0.852341,0.481678,0.432027,0.311125,0.250264,0.570438,0.453792,0.0,0.873535,0.052517
random,209,0.0,1.0,0.0,0.0,0.677022,0.603615,0.79167,1.924781,0.999642,0.0,0.894023,0.460225,0.450514,0.270798,0.0,0.565081,0.427378,0.0,0.855838,0.04976
random,210,0.0,1.0,0.0,0.0,0.946784,0.68627,1.184349,1.95264,1.438371,0.0,0.822777,0.512512,0.388334,0.313001,0.047115,0.605288,0.533454,0.0,0.883465,0.056613
random,211,0.0,1.0,0.0,0.0,0.867481,0.473022,0.448666,1.941369,0.999706,0.0,0.625135,0.369802,0.312626,0.303376,0.0,0.553209,0.637708,0.0,0.926661,0.038819
random,212,0.0,1.0,0.0,0.0,0.778597,0.633329,0.816554,1.948083,0.999479,0.0,0.874933,0.479324,0.479657,0.302713,0.0,0.585801,0.436778,0.0,0.864626,0.052211
random,213,0.0,1.0,0.0,0.0,0.989905,0.46677,0.517728,1.942719,0.999816,0.0,0.730022,0.36512,0.33148,0.301718,0.0,0.4913,0.544255,0.0,0.907123,0.038278
random,214,0.0,1.0,0.0,0.0,0.80342,0.449077,0.390209,1.899002,0.999818,0.0,0.584443,0.351648,0.245338,0.273132,0.0,0.499071,0.663557,0.0,0.933082,0.036732
random,215,0.0,1.0,0.0,0.0,0.799181,0.468797,0.412664,1.935017,0.999725,0.0,0.58182,0.366642,0.293213,0.298774,0.0,0.548862,0.684019,0.0,0.933479,0.038454
random,216,0.0,1.0,0.0,0.0,0.906084,0.420948,0.417051,1.943094,0.999818,0.0,0.651521,0.329493,0.282829,0.31762,0.0,0.502693,0.614471,0.0,0.922206,0.034226
random,217,0.009962,1.0,0.0,0.022301,0.963468,0.463663,0.495321,1.913494,0.999813,0.022301,0.698102,0.362779,0.292757,0.269849,0.0,0.511967,0.587946,0.002232,0.913641,0.038008
random,218,0.029747,1.0,0.0,0.057012,0.985224,0.529591,0.816271,1.944614,1.357397,0.057012,0.722917,0.410523,0.355614,0.301609,0.037432,0.566269,0.563202,0.005709,0.908627,0.043624
random,219,0.0,1.0,0.0,0.0,0.944374,0.622072,0.762983,1.961841,0.999666,0.0,0.824004,0.472136,0.391644,0.331907,0.0,0.560901,0.479221,0.0,0.883084,0.051281
random,220,0.0,1.0,0.0,0.0,0.754794,0.405659,0.320689,1.824375,0.99979,0.0,0.554572,0.317032,0.225407,0.218831,0.0,0.47248,0.664415,0.0,0.937504,0.032834
random,221,0.0,1.0,0.0,0.0,0.988963,0.439171,0.699035,1.939024,1.43877,0.0,0.728492,0.343954,0.301388,0.302603,0.047094,0.486709,0.595202,0.0,0.907449,0.035857
random,222,0.001137,1.0,0.0,0.003961,0.707457,0.405685,0.304105,1.818107,0.999802,0.003961,0.525581,0.317054,0.224715,0.215041,0.0,0.478623,0.666245,0.000397,0.941598,0.032837
random,223,0.0,1.0,0.0,0.0,0.993316,0.546534,1.211093,1.955967,1.992044,0.0,0.736182,0.422213,0.369421,0.320982,0.277747,0.541728,0.548588,0.0,0.905791,0.045038
random,224,0.017139,1.0,0.0,0.030712,0.957357,0.582889,0.607652,1.907631,0.999424,0.030712,0.692315,0.446644,0.344636,0.256068,0.0,0.591073,0.580011,0.003074,0.914761,0.04805
random,225,0.0,1.0,0.0,0.0,0.977706,0.513056,1.098392,1.941244,1.988609,0.0,0.713278,0.398904,0.315999,0.302354,0.259187,0.538641,0.597388,0.0,0.910617,0.042235
random,226,0.0,1.0,0.0,0.0,0.824598,0.41257,0.365496,1.895477,0.999817,0.0,0.597641,0.322704,0.237382,0.274738,0.0,0.494223,0.638398,0.0,0.931053,0.033466
random,227,0.003608,1.0,0.0,0.005983,0.983285,0.613363,1.451954,1.950537,1.994634,0.005983,0.797536,0.466535,0.389488,0.309091,0.302999,0.601714,0.527708,0.000598,0.89082,0.050563
random,228,0.005973,0.999984,0.0,0.046025,0.459285,0.282581,0.141799,1.490543,1.262492,0.046025,0.359462,0.202255,0.117583,0.185085,0.026916,0.435294,0.785812,0.004735,0.962373,0.020508
random,229,0.05166,1.0,0.0,0.092345,0.996436,0.561427,0.684915,1.951799,0.999712,0.092345,0.743271,0.432324,0.310205,0.323701,0.0,0.551887,0.580874,0.009265,0.904225,0.046275
random,230,0.018752,1.0,0.0,0.053903,0.806375,0.43142,0.393276,1.884297,0.999805,0.053903,0.586275,0.337852,0.253697,0.252697,0.0,0.518966,0.64577,0.005405,0.932803,0.035167
random,231,0.0,1.0,0.0,0.0,0.67258,0.378636,0.262059,1.76766,0.999811,0.0,0.504013,0.294199,0.195578,0.20344,0.0,0.485647,0.685833,0.0,0.944533,0.030316
random,232,0.0,1.0,0.0,0.0,0.976547,0.525259,0.641152,1.958204,0.999747,0.0,0.803685,0.4075,0.398612,0.323427,0.0,0.543043,0.481864,0.0,0.889107,0.043261
random,233,0.0,1.0,0.0,0.0,0.756859,0.650684,0.825319,1.915014,0.999504,0.0,0.879423,0.490306,0.460233,0.260059,0.0,0.583144,0.457703,0.0,0.862679,0.053646
random,234,0.0,1.0,0.0,0.0,0.477632,0.644143,0.880709,1.930686,0.999471,0.0,0.938756,0.486181,0.59384,0.278721,0.0,0.586567,0.355518,0.0,0.827253,0.053105
random,235,0.013299,1.0,0.0,0.023684,0.998738,0.562245,0.656481,1.919535,0.99979,0.023684,0.771947,0.432875,0.336518,0.269435,0.0,0.527803,0.51227,0.002369,0.897487,0.046343
random,236,0.0,1.0,0.0,0.0,0.684536,0.74023,0.947941,1.947956,0.99895,0.0,0.892752,0.545666,0.467136,0.302586,0.0,0.622031,0.412985,0.0,0.856468,0.061219
random,237,0.0,1.0,0.0,0.0,0.975605,0.50095,0.883643,1.963418,1.622351,0.0,0.710838,0.390255,0.324472,0.347037,0.072929,0.549265,0.599897,0.0,0.911112,0.04121
random,238,0.0,1.0,0.0,0.0,0.98396,0.480349,0.530281,1.960014,0.999768,0.0,0.721173,0.375239,0.352002,0.332006,0.0,0.536541,0.565647,0.0,0.908992,0.039451
random,239,0.0,1.0,0.0,0.0,0.953765,0.613024,0.727425,1.905526,0.99953,0.0,0.819024,0.466317,0.398603,0.251596,0.0,0.580222,0.514917,0.0,0.884615,0.050535
random,240,0.025093,1.0,0.0,0.05052,0.961857,0.5164,0.555327,1.891707,0.999768,0.05052,0.696543,0.401271,0.288484,0.248541,0.0,0.536498,0.586553,0.005059,0.913945,0.042516
random,241,0.0,1.0,0.0,0.0,0.895762,0.426317,0.402108,1.870348,0.999746,0.0,0.644243,0.333796,0.23359,0.250488,0.0,0.45676,0.592085,0.0,0.923461,0.034709
random,242,0.0,1.0,0.0,0.0,0.719631,0.391583,0.29964,1.841704,0.99981,0.0,0.533055,0.305275,0.234208,0.226426,0.0,0.514894,0.700693,0.0,0.94056,0.031533
random,243,0.014379,1.0,0.0,0.023436,0.903801,0.678842,0.83516,1.911729,0.999191,0.023436,0.841089,0.507907,0.434501,0.256964,0.0,0.608764,0.483451,0.002345,0.877512,0.055991
random,244,0.0,1.0,0.0,0.0,0.999479,0.497258,0.561677,1.92046,0.999796,0.0,0.754734,0.387593,0.318427,0.272845,0.0,0.524839,0.530205,0.0,0.901614,0.040896
random,245,0.0,1.0,0.0,0.0,0.925438,0.612749,0.751983,1.938253,0.999541,0.0,0.832687,0.466139,0.412476,0.288674,0.0,0.578988,0.472575,0.0,0.880316,0.050513
random,246,0.0,1.0,0.0,0.0,0.713676,0.636316,0.833788,1.952963,0.999492,0.0,0.88764,0.481222,0.500061,0.31116,0.0,0.584477,0.420775,0.0,0.858931,0.052457
random,247,0.0,1.0,0.0,0.0,0.94179,0.536737,1.083538,1.945442,1.974934,0.0,0.678772,0.415479,0.321554,0.308296,0.219141,0.570514,0.606121,0.0,0.917317,0.044222
random,248,0.0,1.0,0.0,0.0,0.783909,0.370888,0.312896,1.90205,0.999806,0.0,0.57241,0.287445,0.216273,0.310659,0.0,0.481861,0.681426,0.0,0.93489,0.029578
random,249,0.002444,1.0,0.0,0.012189,0.544653,0.368136,0.223047,1.837085,0.999816,0.012189,0.420925,0.285022,0.205355,0.244112,0.0,0.50836,0.730727,0.00123,0.955118,0.029314
random,250,0.004795,1.0,0.0,0.009463,0.917125,0.552521,1.385902,1.939033,1.995896,0.009463,0.836072,0.426296,0.396891,0.290308,0.312408,0.539555,0.477106,0.000947,0.879202,0.045536
random,251,0.0,1.0,0.0,0.0,0.8892,0.484291,0.467443,1.932956,0.999692,0.0,0.639711,0.378143,0.307219,0.291516,0.0,0.55608,0.615136,0.0,0.924232,0.039789
random,252,0.0,1.0,0.0,0.0,0.896241,0.441712,0.864179,1.942612,1.995011,0.0,0.644576,0.345938,0.312494,0.305522,0.301438,0.497595,0.617639,0.0,0.923404,0.036082
random,253,0.0,1.0,0.0,0.0,0.988166,0.455404,1.016603,1.972394,1.98799,0.0,0.727242,0.356504,0.326008,0.375748,0.256282,0.51863,0.562122,0.0,0.907715,0.037288
random,254,0.0,1.0,0.0,0.0,0.999887,0.570907,0.644012,1.936406,0.999628,0.0,0.758417,0.438684,0.373967,0.287704,0.0,0.567298,0.512086,0.0,0.900752,0.04706
random,255,0.0,1.0,0.0,0.0,0.968058,0.495095,0.531019,1.95805,0.999779,0.0,0.702691,0.386027,0.308947,0.338585,0.0,0.532378,0.603151,0.0,0.91274,0.040712
random,256,0.008045,1.0,0.0,0.012404,0.984163,0.659032,0.784776,1.96517,0.999167,0.012404,0.796638,0.495551,0.423042,0.338217,0.0,0.610222,0.525224,0.001241,0.891066,0.054339
random,257,0.0,1.0,0.0,0.0,0.928901,0.428694,0.418155,1.863796,0.999818,0.0,0.668468,0.33569,0.244598,0.238597,0.0,0.503646,0.629768,0.0,0.919203,0.034923
random,258,0.0,1.0,0.0,0.0,0.867511,0.721812,0.889098,1.952571,0.999082,0.0,0.852867,0.534392,0.475713,0.310524,0.0,0.615186,0.455937,0.0,0.873342,0.059627
random,259,0.0,1.0,0.0,0.0,0.999594,0.539077,0.618587,1.932911,0.999695,0.0,0.767517,0.417094,0.345876,0.28514,0.0,0.555519,0.526843,0.0,0.898574,0.044417
random,260,0.0,1.0,0.0,0.0,0.995856,0.6007,0.698177,1.953504,0.999625,0.0,0.780077,0.458328,0.356318,0.317486,0.0,0.567735,0.553724,0.0,0.895443,0.049519
random,261,0.0,1.0,0.0,0.0,0.967376,0.528516,0.556936,1.936685,0.999696,0.0,0.701994,0.409774,0.3069,0.29725,0.0,0.555175,0.583127,0.0,0.912878,0.043534
random,262,0.0,1.0,0.0,0.0,0.990589,0.491117,0.632081,1.962062,1.149969,0.0,0.731172,0.383137,0.351987,0.336912,0.015133,0.52913,0.548495,0.0,0.906876,0.040373
random,263,0.0,1.0,0.0,0.0,0.985315,0.538709,0.637804,1.924176,0.999721,0.0,0.795415,0.41684,0.383425,0.271586,0.0,0.549713,0.530332,0.0,0.891399,0.044386
random,264,0.0,1.0,0.0,0.0,0.811736,0.418889,0.362766,1.877126,0.999816,0.0,0.589605,0.327832,0.225779,0.263376,0.0,0.492287,0.679282,0.0,0.932294,0.03404
random,265,0.0,1.0,0.0,0.0,0.773208,0.715586,0.898378,1.93461,0.999034,0.0,0.876071,0.530574,0.48462,0.28276,0.0,0.617798,0.415614,0.0,0.864139,0.059094
random,266,0.0,1.0,0.0,0.0,0.606521,0.670444,1.755932,1.958421,1.970548,0.0,0.90515,0.502683,0.497518,0.321756,0.211141,0.589656,0.426228,0.0,0.849999,0.055289
random,267,0.0,1.0,0.0,0.0,0.979188,0.627662,1.385363,1.958102,1.85579,0.0,0.801412,0.475711,0.448241,0.321526,0.127926,0.583205,0.474348,0.0,0.889745,0.051743
random,268,0.0,1.0,0.0,0.0,0.709023,0.741808,0.941631,1.941544,0.998603,0.0,0.888477,0.546631,0.50173,0.292433,0.0,0.636494,0.445024,0.0,0.858535,0.061356
random,269,0.013896,1.0,0.0,0.028816,0.946124,0.50968,0.535509,1.924099,0.999794,0.028816,0.682401,0.396505,0.283113,0.286191,0.0,0.525697,0.594454,0.002884,0.916641,0.04195
random,270,0.0,1.0,0.0,0.0,0.999916,0.548335,0.611485,1.903345,0.999802,0.0,0.758854,0.423444,0.314676,0.254974,0.0,0.521231,0.507166,0.0,0.900649,0.045188
random,271,0.0,1.0,0.0,0.0,0.456819,0.759275,1.147722,1.917238,1.148532,0.0,0.935231,0.557312,0.581039,0.262855,0.015118,0.640407,0.355874,0.0,0.830142,0.062893
random,272,0.0,1.0,0.0,0.0,0.967388,0.63591,1.342487,1.944276,1.771072,0.0,0.810593,0.480965,0.384625,0.29882,0.102342,0.504053,0.420353,0.0,0.887125,0.052424
random,273,0.0,1.0,0.0,0.0,0.751902,0.690187,0.876238,1.933993,0.999376,0.0,0.880411,0.514936,0.449607,0.28218,0.0,0.595333,0.425459,0.0,0.862241,0.056942
random,274,0.029122,1.0,0.0,0.090288,0.782504,0.412202,0.374437,1.864217,0.999723,0.090288,0.571547,0.322404,0.233379,0.245001,0.0,0.450762,0.619394,0.009062,0.935018,0.033433
random,275,0.015298,1.0,0.0,0.03173,0.942456,0.511549,1.047877,1.926085,1.981322,0.03173,0.679324,0.397835,0.297658,0.284287,0.233812,0.532612,0.598453,0.003176,0.917214,0.042107
random,276,0.0,1.0,0.0,0.0,0.983788,0.602266,0.642746,1.942492,0.999171,0.0,0.720939,0.459348,0.359548,0.297816,0.0,0.609994,0.59644,0.0,0.90904,0.049648
random,277,0.030123,1.0,0.0,0.068406,0.96015,0.458637,0.510729,1.916627,0.999818,0.068406,0.694919,0.358969,0.278573,0.277979,0.0,0.503265,0.614187,0.006858,0.914259,0.03757
random,278,0.0,1.0,0.0,0.0,0.939656,0.475391,0.484379,1.926033,0.999737,0.0,0.677019,0.371566,0.339042,0.276916,0.0,0.545775,0.608779,0.0,0.917641,0.039024
random,279,0.004692,1.0,0.0,0.011895,0.917384,0.429931,0.434996,1.935743,0.999811,0.011895,0.659743,0.336672,0.279826,0.305579,0.0,0.513799,0.616321,0.001191,0.920764,0.035033
random,280,0.0,1.0,0.0,0.0,0.978606,0.450224,0.490853,1.949496,0.999813,0.0,0.714351,0.352531,0.335743,0.312856,0.0,0.511697,0.582764,0.0,0.910399,0.036833
random,281,0.010018,1.0,0.0,0.020474,0.928069,0.52725,0.536547,1.925979,0.999728,0.020474,0.667823,0.408891,0.30728,0.281808,0.0,0.547971,0.62129,0.00205,0.91932,0.043428
random,282,0.0,1.0,0.0,0.0,0.993272,0.547238,0.592689,1.905563,0.999639,0.0,0.736094,0.422695,0.333046,0.255029,0.0,0.565523,0.599773,0.0,0.90581,0.045097
random,283,0.0,1.0,0.0,0.0,0.600347,0.748619,0.981533,1.969456,0.998638,0.0,0.906065,0.550796,0.521385,0.348285,0.0,0.635201,0.393136,0.0,0.84949,0.061952
random,284,0.0,1.0,0.0,0.0,0.767449,0.394178,0.334358,1.934311,0.999798,0.0,0.562315,0.307463,0.307574,0.293439,0.0,0.523304,0.684556,0.0,0.936379,0.031774
random,285,0.0,1.0,0.0,0.0,0.999895,0.519459,0.680619,1.919062,1.149742,0.0,0.764622,0.403429,0.37007,0.266391,0.015118,0.553179,0.535433,0.0,0.899275,0.042774
random,286,0.0,1.0,0.0,0.0,0.664698,0.696271,0.854123,1.838726,0.99943,0.0,0.896067,0.518693,0.468736,0.203036,0.0,0.590523,0.375444,0.0,0.85481,0.057455
random,287,0.0,1.0,0.0,0.0,0.868328,0.632711,0.780752,1.91285,0.999542,0.0,0.852626,0.478931,0.412228,0.258434,0.0,0.578799,0.459725,0.0,0.873431,0.05216
random,288,0.0,1.0,0.0,0.0,0.883273,0.453061,0.584567,1.909797,1.357494,0.0,0.635674,0.354711,0.28095,0.268953,0.037422,0.506843,0.64525,0.0,0.924912,0.037082
random,289,0.002906,0.999975,0.0,0.022981,0.421195,0.30019,0.099474,1.337684,0.999299,0.022981,0.329692,0.220638,0.112755,0.129534,0.0,0.398626,0.79062,0.002369,0.965752,0.022433
random,290,0.011346,1.0,0.0,0.020984,0.997583,0.541997,0.594373,1.861191,0.99963,0.020984,0.746596,0.419103,0.324347,0.220061,0.0,0.566991,0.576267,0.0021,0.903478,0.04466
random,291,0.010436,1.0,0.0,0.025088,0.93782,0.443559,0.46116,1.917458,0.999818,0.025088,0.675526,0.347376,0.258497,0.288799,0.0,0.503112,0.63815,0.002513,0.917916,0.036246
random,292,0.0,1.0,0.0,0.0,0.810452,0.630448,1.631743,1.975099,1.993757,0.0,0.867815,0.477489,0.480866,0.365773,0.293555,0.59479,0.457954,0.0,0.867584,0.051973
random,293,0.0,1.0,0.0,0.0,0.886871,0.51926,0.484714,1.884185,0.999639,0.0,0.638119,0.403289,0.313213,0.238096,0.0,0.565433,0.629578,0.0,0.924501,0.042757
random,294,0.0,1.0,0.0,0.0,0.86295,0.589626,0.764129,1.983692,0.999716,0.0,0.854197,0.451085,0.457648,0.402691,0.0,0.55095,0.413678,0.0,0.872852,0.048606
random,295,0.0,1.0,0.0,0.0,0.903298,0.638997,0.788101,1.941417,0.999194,0.0,0.84127,0.482923,0.432283,0.292801,0.0,0.608558,0.479591,0.0,0.87745,0.052679
random,296,0.0,1.0,0.0,0.0,0.907969,0.481847,0.473531,1.927789,0.999711,0.0,0.652873,0.376345,0.30316,0.285187,0.0,0.552087,0.63418,0.0,0.921971,0.039579
random,297,0.0,1.0,0.0,0.0,0.814597,0.741131,0.915763,1.93723,0.99839,0.0,0.866835,0.546217,0.489279,0.28629,0.0,0.643655,0.438163,0.0,0.86798,0.061297
random,298,0.0,1.0,0.0,0.0,0.964523,0.585704,0.70859,1.945164,0.999635,0.0,0.812517,0.448503,0.390304,0.29994,0.0,0.566217,0.503396,0.0,0.886561,0.048282
random,299,0.0,1.0,0.0,0.0,0.99848,0.613169,0.687621,1.967027,0.999642,0.0,0.749766,0.46641,0.354225,0.34967,0.0,0.564988,0.540793,0.0,0.902758,0.050547
