mean_H,std_H,op_up,op_dn,mi1,decay,tcomp,gzip,w_H,w_OP_s,w_OP_t,w_T,w_G,score,T,seed,magnetisation
0.468445,0.171323,0.441453,0.436497,0.191817,0.185999,0.750039,0.085781,1.0,0.0,0.912443,0.969115,0.960372,0.84922,2.22,0,0.10207
0.482291,0.176123,0.48565,0.44454,0.176524,0.174502,0.739785,0.086777,1.0,0.0,0.88726,0.992547,0.965637,0.850386,2.22,1,0.071094
0.47047,0.179516,0.459896,0.436023,0.157667,0.150517,0.724707,0.086523,1.0,0.0,0.831853,0.997814,0.964328,0.800425,2.22,2,0.106172
0.470115,0.173653,0.4315,0.435479,0.150718,0.150336,0.73541,0.085625,1.0,0.0,0.821009,0.997716,0.959514,0.78597,2.22,3,0.256328
0.494827,0.2005,0.526666,0.455298,0.175433,0.168696,0.731777,0.089629,1.0,0.0,0.879477,0.999753,0.978718,0.860547,2.22,4,0.001211
0.46046,0.18651,0.453829,0.42696,0.175265,0.169007,0.747305,0.084199,1.0,0.0,0.879673,0.976877,0.951293,0.817477,2.22,5,0.227617
0.497217,0.205536,0.527628,0.456361,0.131569,0.128683,0.707246,0.088789,1.0,0.0,0.743032,0.960359,0.975176,0.695864,2.22,6,0.078828
0.480199,0.185368,0.499126,0.444029,0.177641,0.174822,0.743789,0.087539,1.0,0.0,0.888757,0.985255,0.969422,0.848877,2.22,7,0.129492
0.470763,0.193255,0.471806,0.438593,0.146972,0.128245,0.729531,0.086914,1.0,0.0,0.771014,0.999983,0.966331,0.745042,2.22,8,0.20832
0.492677,0.183527,0.492756,0.458217,0.157363,0.155738,0.725645,0.089414,1.0,0.0,0.839601,0.998519,0.977837,0.819777,2.22,9,0.100742
0.475491,0.200811,0.510476,0.438145,0.149565,0.149496,0.72207,0.085996,1.0,0.0,0.817752,0.9951,0.961537,0.782446,2.22,10,0.110352
0.456822,0.205343,0.475573,0.424917,0.152277,0.132068,0.731738,0.08418,1.0,0.0,0.788216,0.999764,0.951176,0.749555,2.22,11,0.20207
0.454725,0.190507,0.439207,0.425456,0.204482,0.174323,0.757129,0.084727,1.0,0.0,0.909617,0.944124,0.954416,0.819644,2.22,12,0.119922
0.448272,0.165069,0.391091,0.419448,0.212575,0.186083,0.759648,0.083437,1.0,0.0,0.925996,0.933631,0.946615,0.818385,2.22,13,0.081797
0.472308,0.18406,0.459791,0.438391,0.147592,0.147588,0.720332,0.086699,1.0,0.0,0.811256,0.992724,0.965236,0.777356,2.22,14,0.015234
0.479064,0.178855,0.48138,0.444101,0.187058,0.16604,0.745391,0.087012,1.0,0.0,0.88715,0.981665,0.966824,0.841991,2.22,15,0.023867
0.493789,0.192909,0.506053,0.453417,0.176016,0.16727,0.745801,0.08834,1.0,0.0,0.878342,0.980684,0.973175,0.838269,2.22,16,0.174375
0.475421,0.204209,0.517725,0.439657,0.121577,0.121071,0.701152,0.087266,1.0,0.0,0.701652,0.937054,0.968087,0.636504,2.22,17,0.044219
0.495702,0.195565,0.523817,0.457704,0.168968,0.146634,0.734277,0.088027,1.0,0.0,0.839647,0.998572,0.971738,0.814751,2.22,18,0.020664
0.466139,0.179849,0.448059,0.432109,0.180795,0.165538,0.7725,0.084473,1.0,0.0,0.880903,0.868391,0.952924,0.728957,2.22,19,0.384141
0.476887,0.169278,0.471816,0.443127,0.167016,0.160051,0.733301,0.087129,1.0,0.0,0.858672,0.999149,0.96741,0.829981,2.225,0,0.071289
0.475529,0.164555,0.451087,0.441544,0.181881,0.181287,0.743652,0.087109,1.0,0.0,0.899502,0.985544,0.967313,0.857521,2.225,1,0.129023
0.475589,0.183586,0.464324,0.439441,0.130316,0.129767,0.708965,0.087227,1.0,0.0,0.742746,0.966022,0.967895,0.694473,2.225,2,0.146367
0.473672,0.178941,0.478503,0.438677,0.192207,0.192152,0.747539,0.086309,1.0,0.0,0.917889,0.976254,0.963203,0.863119,2.225,3,0.029492
0.507253,0.200391,0.547276,0.465277,0.14988,0.137294,0.721387,0.090762,1.0,0.0,0.795761,0.994221,0.983076,0.777772,2.225,4,0.172891
0.468515,0.187643,0.459607,0.434946,0.136284,0.126058,0.727461,0.086016,1.0,0.0,0.746564,0.999496,0.961642,0.717567,2.225,5,0.263359
0.496417,0.199671,0.521572,0.456199,0.140984,0.12844,0.719707,0.088281,1.0,0.0,0.761133,0.991757,0.972908,0.734409,2.225,6,0.147578
0.49499,0.190022,0.532047,0.455233,0.150128,0.148068,0.724434,0.089375,1.0,0.0,0.816285,0.997582,0.977675,0.796132,2.225,7,0.127969
0.479088,0.201761,0.490765,0.445031,0.170071,0.122347,0.735332,0.087188,1.0,0.0,0.78645,0.997781,0.967701,0.75936,2.225,8,0.043906
0.500989,0.188551,0.512267,0.464147,0.154135,0.150657,0.725391,0.089824,1.0,0.0,0.826885,0.998342,0.979504,0.808593,2.225,9,0.133437
0.47451,0.192662,0.502813,0.437853,0.155895,0.153906,0.724492,0.086152,1.0,0.0,0.834674,0.997633,0.962375,0.801368,2.225,10,0.031367
0.46852,0.207276,0.487451,0.435723,0.138326,0.108078,0.711016,0.086563,1.0,0.0,0.699602,0.972236,0.964531,0.656053,2.225,11,0.025977
0.46446,0.195332,0.462143,0.432642,0.148142,0.147847,0.733574,0.08623,1.0,0.0,0.812626,0.999002,0.96279,0.781607,2.225,12,0.240156
0.460014,0.166799,0.423967,0.428803,0.191796,0.176701,0.749727,0.08457,1.0,0.0,0.903425,0.970056,0.953501,0.835623,2.225,13,0.14418
0.492158,0.194392,0.50436,0.454843,0.157027,0.155269,0.725645,0.088574,1.0,0.0,0.838411,0.998519,0.974228,0.815594,2.225,14,0.031602
0.48561,0.177131,0.485574,0.450491,0.158418,0.151855,0.727422,0.088516,1.0,0.0,0.835089,0.999481,0.973967,0.812927,2.225,15,0.012617
0.500446,0.191343,0.516723,0.459925,0.152035,0.152018,0.728691,0.08998,1.0,0.0,0.825816,0.999866,0.980122,0.809292,2.225,16,0.15918
0.491095,0.209887,0.557298,0.451609,0.129363,0.12496,0.709316,0.088574,1.0,0.0,0.729492,0.96713,0.974228,0.687331,2.225,17,0.069258
0.501964,0.197008,0.511527,0.463762,0.146301,0.140886,0.732793,0.088926,1.0,0.0,0.796961,0.999391,0.975771,0.777178,2.225,18,0.237305
0.478909,0.189218,0.491929,0.442067,0.224715,0.207234,0.769453,0.086152,1.0,0.0,0.947388,0.885498,0.962375,0.807346,2.225,19,0.082227
0.482507,0.174301,0.483071,0.447274,0.14514,0.128682,0.71666,0.088711,1.0,0.0,0.769003,0.986194,0.974834,0.7393,2.23,0,0.065156
0.497139,0.181798,0.521022,0.458626,0.160181,0.160103,0.72873,0.090488,1.0,0.0,0.849866,0.999874,0.982068,0.834522,2.23,1,0.109258
0.483762,0.187301,0.490893,0.446506,0.141452,0.140928,0.714551,0.08793,1.0,0.0,0.788357,0.981526,0.971282,0.751572,2.23,2,0.116641
0.483382,0.181445,0.48685,0.446979,0.158146,0.157073,0.727949,0.087285,1.0,0.0,0.842697,0.999671,0.968184,0.815618,2.23,3,0.084453
0.519363,0.206211,0.579224,0.475045,0.135296,0.134324,0.704707,0.092305,1.0,0.0,0.763174,0.951249,0.988226,0.717421,2.23,4,0.008125
0.479548,0.196084,0.487945,0.442884,0.138343,0.122989,0.738984,0.086484,1.0,0.0,0.742888,0.993714,0.964125,0.711735,2.23,5,0.337656
0.50439,0.200049,0.538108,0.461721,0.143201,0.141242,0.71584,0.089238,1.0,0.0,0.79217,0.984457,0.977103,0.762002,2.23,6,0.052617
0.502819,0.18948,0.535784,0.462055,0.126869,0.126072,0.704414,0.091094,1.0,0.0,0.726503,0.950142,0.984261,0.679417,2.23,7,0.029648
0.483927,0.198194,0.496132,0.448212,0.139445,0.131864,0.724082,0.088496,1.0,0.0,0.766063,0.997268,0.973879,0.744014,2.23,8,0.214687
0.510618,0.191781,0.544742,0.470602,0.137606,0.132129,0.712891,0.090859,1.0,0.0,0.76311,0.97739,0.983429,0.733496,2.23,9,0.125781
0.491208,0.204355,0.545782,0.450437,0.128966,0.126295,0.706855,0.088398,1.0,0.0,0.731794,0.959014,0.97344,0.683161,2.23,10,0.104414
0.475624,0.206475,0.503002,0.442274,0.11985,0.119832,0.704824,0.088398,1.0,0.0,0.694171,0.951689,0.97344,0.643088,2.23,11,0.182812
0.467211,0.193078,0.473064,0.436921,0.166668,0.164363,0.73377,0.086934,1.0,0.0,0.86405,0.998891,0.96643,0.834118,2.23,12,0.068867
0.46691,0.173279,0.442428,0.43451,0.183716,0.177332,0.749922,0.085586,1.0,0.0,0.897266,0.969469,0.959298,0.834467,2.23,13,0.202109
0.500624,0.204334,0.528791,0.461441,0.091879,0.091864,0.700684,0.089414,1.0,0.0,0.526043,0.93506,0.977837,0.48098,2.23,14,0.305391
0.498928,0.1841,0.517637,0.460668,0.144026,0.144016,0.717441,0.090234,1.0,0.0,0.798772,0.987754,0.981107,0.774084,2.23,15,0.038711
0.494296,0.182819,0.497186,0.45644,0.144759,0.139051,0.716523,0.090391,1.0,0.0,0.790729,0.985911,0.981701,0.765323,2.23,16,0.059609
0.490055,0.206111,0.538662,0.450855,0.108111,0.10188,0.699785,0.088848,1.0,0.0,0.610584,0.931161,0.975432,0.554583,2.23,17,0.173008
0.502386,0.199304,0.543906,0.464387,0.159595,0.140652,0.726055,0.089102,1.0,0.0,0.816749,0.998785,0.976525,0.796606,2.23,18,0.060898
0.483613,0.190723,0.50116,0.446156,0.191142,0.188297,0.766172,0.086328,1.0,0.0,0.913897,0.902832,0.963306,0.794819,2.23,19,0.289531
0.485429,0.171687,0.478312,0.450503,0.143,0.142447,0.716445,0.088555,1.0,0.0,0.794053,0.985749,0.974141,0.762496,2.235,0,0.104648
0.497499,0.173854,0.50748,0.458847,0.150128,0.140927,0.718613,0.089824,1.0,0.0,0.803379,0.989922,0.979504,0.778982,2.235,1,0.015469
0.493042,0.189727,0.489692,0.455059,0.140295,0.128662,0.718496,0.088496,1.0,0.0,0.76039,0.989714,0.973879,0.732911,2.235,2,0.159453
0.491902,0.183979,0.499582,0.453138,0.155152,0.140673,0.723418,0.088398,1.0,0.0,0.810565,0.996621,0.97344,0.78637,2.235,3,0.063594
0.522847,0.202451,0.569759,0.478092,0.139422,0.132951,0.709004,0.092422,1.0,0.0,0.768395,0.966146,0.98858,0.733904,2.235,4,0.049102
0.485013,0.193121,0.511055,0.447767,0.161123,0.149979,0.731953,0.088066,1.0,0.0,0.835725,0.999702,0.97192,0.812016,2.235,5,0.130195
0.511362,0.202737,0.543438,0.468097,0.10194,0.100482,0.699316,0.090645,1.0,0.0,0.587693,0.929087,0.982647,0.536543,2.235,6,0.248359
0.513736,0.190438,0.561526,0.472688,0.131425,0.131286,0.706562,0.092695,1.0,0.0,0.748522,0.957992,0.989385,0.709467,2.235,7,0.045195
0.49955,0.202776,0.528742,0.460971,0.12637,0.124129,0.70873,0.090234,1.0,0.0,0.720708,0.965274,0.981107,0.682537,2.235,8,0.143203
0.518425,0.196449,0.574846,0.477622,0.117346,0.117008,0.691621,0.092891,1.0,0.0,0.680356,0.891301,0.989942,0.600303,2.235,9,0.036367
0.495192,0.200737,0.54455,0.455223,0.131887,0.130515,0.706309,0.088965,1.0,0.0,0.74783,0.957097,0.975939,0.698525,2.235,10,0.002422
0.477463,0.20182,0.487401,0.444536,0.126874,0.126863,0.702813,0.08918,1.0,0.0,0.728361,0.943889,0.976856,0.671581,2.235,11,0.009609
0.46807,0.185428,0.446587,0.436414,0.128823,0.120259,0.72125,0.086914,1.0,0.0,0.716506,0.994036,0.966331,0.688253,2.235,12,0.260938
0.479341,0.182342,0.48529,0.444106,0.154522,0.152553,0.723633,0.08752,1.0,0.0,0.83051,0.996838,0.969328,0.802491,2.235,13,0.01418
0.503643,0.197727,0.539139,0.465184,0.130298,0.127965,0.707988,0.090703,1.0,0.0,0.738629,0.962855,0.982862,0.699004,2.235,14,0.040703
0.496088,0.175059,0.491934,0.459524,0.151287,0.149317,0.728184,0.089805,1.0,0.0,0.820247,0.999742,0.979426,0.803164,2.235,15,0.177617
0.506843,0.181157,0.523848,0.467089,0.118113,0.116407,0.698164,0.091309,1.0,0.0,0.680758,0.923872,0.985005,0.619503,2.235,16,0.091055
0.501238,0.205937,0.561628,0.460307,0.112333,0.09828,0.694668,0.090762,1.0,0.0,0.610002,0.907077,0.983076,0.543955,2.235,17,0.034648
0.520352,0.204112,0.545294,0.478851,0.099255,0.095448,0.726055,0.091426,1.0,0.0,0.562619,0.998785,0.985404,0.553734,2.235,18,0.40582
0.494428,0.193792,0.528535,0.453989,0.156496,0.148185,0.724687,0.088516,1.0,0.0,0.82626,0.997798,0.973967,0.802977,2.235,19,0.001953
0.494023,0.188923,0.525823,0.457588,0.106268,0.105609,0.683477,0.089805,1.0,0.0,0.616893,0.844428,0.979426,0.510204,2.24,0,0.021797
0.521124,0.184433,0.558834,0.475793,0.134089,0.130264,0.706816,0.092227,1.0,0.0,0.751916,0.958879,0.987987,0.712335,2.24,1,0.048945
0.498666,0.193978,0.521912,0.459085,0.169154,0.168982,0.73541,0.089297,1.0,0.0,0.872792,0.997716,0.977349,0.851074,2.24,2,0.120312
0.499011,0.186929,0.509148,0.460054,0.146508,0.137887,0.71959,0.089688,1.0,0.0,0.791426,0.991569,0.978955,0.768239,2.24,3,0.108008
0.535657,0.203556,0.597317,0.488382,0.128567,0.127299,0.699727,0.093711,1.0,0.0,0.733242,0.930903,0.992121,0.677199,2.24,4,0.01918
0.491151,0.19376,0.524957,0.453901,0.144257,0.144256,0.724355,0.089531,1.0,0.0,0.799616,0.997514,0.97832,0.780335,2.24,5,0.189258
0.519361,0.199672,0.552998,0.474459,0.100428,0.100324,0.696934,0.091523,1.0,0.0,0.582428,0.918126,0.985732,0.527112,2.24,6,0.263516
0.52069,0.192518,0.567578,0.478766,0.125128,0.122967,0.703301,0.093496,1.0,0.0,0.714967,0.945831,0.991576,0.670541,2.24,7,0.033242
0.503899,0.194178,0.540238,0.465853,0.11173,0.111712,0.692832,0.091172,1.0,0.0,0.650597,0.897694,0.984534,0.575004,2.24,8,0.07875
0.535433,0.211468,0.60256,0.490503,0.113103,0.112678,0.690391,0.094687,1.0,0.0,0.657142,0.884644,0.994371,0.578064,2.24,9,0.070391
0.493328,0.194125,0.527408,0.455005,0.125629,0.123075,0.703926,0.089746,1.0,0.0,0.716408,0.948271,0.979191,0.665213,2.24,10,0.001445
0.491674,0.208217,0.505257,0.455024,0.121989,0.121956,0.700215,0.090371,1.0,0.0,0.704881,0.933038,0.981628,0.645598,2.24,11,0.074688
0.485658,0.196838,0.508821,0.45073,0.1467,0.145805,0.718125,0.089219,1.0,0.0,0.806652,0.989044,0.977021,0.779481,2.24,12,0.021172
0.487376,0.177545,0.480387,0.451281,0.162869,0.161051,0.728477,0.088359,1.0,0.0,0.8548,0.999819,0.973263,0.831795,2.24,13,0.070742
0.504953,0.194064,0.527322,0.467749,0.11769,0.115686,0.700059,0.091328,1.0,0.0,0.67772,0.932358,0.985072,0.622445,2.24,14,0.115195
0.504481,0.175179,0.502935,0.467527,0.149772,0.135902,0.724902,0.090938,1.0,0.0,0.792698,0.997972,0.983708,0.778202,2.24,15,0.134531
0.517136,0.189755,0.560094,0.475139,0.114135,0.11014,0.693945,0.092871,1.0,0.0,0.65271,0.903429,0.989887,0.583714,2.24,16,0.062773
0.498466,0.199401,0.556021,0.457465,0.110612,0.107078,0.699961,0.089688,1.0,0.0,0.633924,0.931932,0.978955,0.578341,2.24,17,0.160156
0.51714,0.195984,0.572122,0.476944,0.15573,0.153103,0.725625,0.092129,1.0,0.0,0.833183,0.998506,0.987686,0.821693,2.24,18,0.0125
0.490369,0.18759,0.496246,0.450931,0.147336,0.130968,0.729453,0.08832,1.0,0.0,0.777961,0.999977,0.973086,0.757006,2.24,19,0.217422
0.503158,0.19283,0.529954,0.465228,0.113849,0.113819,0.696328,0.090762,1.0,0.0,0.662358,0.915232,0.983076,0.595952,2.245,0,0.149375
0.524624,0.18566,0.557441,0.479446,0.101321,0.10132,0.680957,0.092891,1.0,0.0,0.588419,0.828692,0.989942,0.482713,2.245,1,0.094766
0.5077,0.200612,0.545419,0.466297,0.104591,0.101767,0.690703,0.091387,1.0,0.0,0.599918,0.886349,0.985272,0.523905,2.245,2,0.142539
0.497759,0.185799,0.514557,0.459956,0.119419,0.110292,0.70623,0.090176,1.0,0.0,0.666784,0.95682,0.980882,0.625795,2.245,3,0.195859
0.543972,0.201598,0.609909,0.495392,0.098275,0.085224,0.681953,0.094941,1.0,0.0,0.522123,0.834976,0.994895,0.433735,2.245,4,0.189492
0.499675,0.190485,0.534795,0.461774,0.124642,0.12304,0.70002,0.090742,1.0,0.0,0.713998,0.932188,0.983005,0.654268,2.245,5,0.056367
0.52879,0.198221,0.579988,0.483425,0.084058,0.082308,0.668438,0.093555,1.0,0.0,0.464325,0.743721,0.991726,0.342471,2.245,6,0.111094
0.533338,0.196885,0.582382,0.489244,0.126854,0.125907,0.71502,0.094121,1.0,0.0,0.72608,0.98262,0.993112,0.708546,2.245,7,0.180937
0.521211,0.194978,0.563342,0.478413,0.108323,0.096593,0.697422,0.092324,1.0,0.0,0.593341,0.920428,0.988286,0.53973,2.245,8,0.163906
0.538274,0.208933,0.620811,0.4943,0.082006,0.082,0.662754,0.096016,1.0,0.0,0.455741,0.702378,0.99683,0.319087,2.245,9,0.048125
0.502085,0.201304,0.55094,0.462694,0.109042,0.095407,0.69166,0.091074,1.0,0.0,0.591094,0.891509,0.984192,0.518636,2.245,10,0.09957
0.500415,0.215646,0.556587,0.461362,0.113956,0.113831,0.693535,0.090723,1.0,0.0,0.662687,0.901332,0.982933,0.587107,2.245,11,0.062539
0.492323,0.204417,0.525395,0.45674,0.141201,0.138006,0.714688,0.090547,1.0,0.0,0.782227,0.981849,0.982286,0.754424,2.245,12,0.092813
0.487274,0.169687,0.462742,0.452178,0.14418,0.144174,0.718281,0.088672,1.0,0.0,0.799332,0.989329,0.974661,0.770764,2.245,13,0.164258
0.507606,0.188308,0.514911,0.469613,0.069689,0.069683,0.677598,0.092363,1.0,0.0,0.362848,0.806919,0.988404,0.289394,2.245,14,0.274297
0.502421,0.173534,0.501183,0.466696,0.129744,0.11869,0.712793,0.092324,1.0,0.0,0.71435,0.977134,0.988286,0.689839,2.245,15,0.147891
0.529527,0.199678,0.590684,0.484955,0.105845,0.102941,0.689102,0.094453,1.0,0.0,0.607387,0.8775,0.993865,0.529712,2.245,16,0.075195
0.493609,0.194579,0.534164,0.454989,0.088743,0.08715,0.6825,0.089512,1.0,0.0,0.498599,0.838392,0.978239,0.408925,2.245,17,0.17457
0.519415,0.202941,0.582134,0.477965,0.142743,0.137282,0.717227,0.092539,1.0,0.0,0.783607,0.987334,0.988929,0.765116,2.245,18,0.101289
0.495368,0.19026,0.526105,0.455576,0.178768,0.158478,0.741523,0.088535,1.0,0.0,0.869255,0.989679,0.974054,0.837963,2.245,19,0.016914
0.50401,0.187267,0.538179,0.46575,0.091935,0.091299,0.677891,0.091875,1.0,0.0,0.524284,0.808852,0.986884,0.418506,2.25,0,0.160586
0.53902,0.190666,0.599118,0.491308,0.100006,0.09886,0.68084,0.094316,1.0,0.0,0.576365,0.827947,0.99356,0.474127,2.25,1,0.11418
0.522192,0.19977,0.564519,0.479475,0.099065,0.098515,0.68375,0.093379,1.0,0.0,0.572236,0.846103,0.991271,0.479944,2.25,2,0.108594
0.507825,0.193739,0.552064,0.467512,0.094454,0.093331,0.686699,0.091406,1.0,0.0,0.539803,0.863742,0.985338,0.459415,2.25,3,0.204883
0.549705,0.204857,0.620876,0.499556,0.098702,0.098133,0.678086,0.094863,1.0,0.0,0.569818,0.810137,0.994737,0.459201,2.25,4,0.09
0.515403,0.19959,0.568458,0.473136,0.091545,0.091533,0.671504,0.092754,1.0,0.0,0.523753,0.765422,0.989554,0.396704,2.25,5,0.043398
0.540271,0.207361,0.608116,0.493087,0.064073,0.063197,0.661328,0.094844,1.0,0.0,0.316285,0.691824,0.994697,0.217653,2.25,6,0.247852
0.538915,0.1947,0.586292,0.493528,0.088287,0.088188,0.683223,0.094961,1.0,0.0,0.500708,0.842866,0.994934,0.419892,2.25,7,0.199531
0.52294,0.192361,0.56496,0.48071,0.103228,0.098878,0.689004,0.092969,1.0,0.0,0.586416,0.876952,0.990161,0.509199,2.25,8,0.102031
0.540134,0.204081,0.613858,0.497338,0.090698,0.086188,0.669199,0.096953,1.0,0.0,0.501777,0.749156,0.998145,0.375212,2.25,9,0.044375
0.508242,0.196588,0.550395,0.467708,0.098723,0.098513,0.681426,0.091074,1.0,0.0,0.571126,0.831659,0.984192,0.467474,2.25,10,0.06293
0.507752,0.213745,0.553408,0.467249,0.068832,0.067961,0.659238,0.091895,1.0,0.0,0.352925,0.676252,0.986946,0.235551,2.25,11,0.148906
0.500429,0.202411,0.527842,0.461572,0.134814,0.132838,0.711211,0.090879,1.0,0.0,0.759043,0.972796,0.983499,0.72621,2.25,12,0.058555
0.483183,0.163328,0.449655,0.449939,0.128446,0.128443,0.703555,0.088828,1.0,0.0,0.735587,0.946829,0.975347,0.679304,2.25,13,0.102656
0.522409,0.197289,0.566557,0.480046,0.069671,0.067694,0.665059,0.093887,1.0,0.0,0.355056,0.719295,0.992553,0.253488,2.25,14,0.193125
0.51156,0.182086,0.53809,0.47491,0.124797,0.11697,0.705762,0.093086,1.0,0.0,0.698665,0.955139,0.990485,0.660973,2.25,15,0.100469
0.540071,0.201226,0.602458,0.492804,0.087866,0.086986,0.67873,0.095078,1.0,0.0,0.494944,0.814357,0.995167,0.401113,2.25,16,0.173555
0.502848,0.203882,0.559905,0.46303,0.067741,0.065892,0.653789,0.091758,1.0,0.0,0.340715,0.653523,0.986505,0.21966,2.25,17,0.120195
0.533712,0.211889,0.605504,0.488864,0.133548,0.129858,0.706641,0.094629,1.0,0.0,0.749882,0.958266,0.994247,0.714452,2.25,18,0.046367
0.503453,0.193575,0.529358,0.463145,0.144281,0.124939,0.719102,0.090742,1.0,0.0,0.758436,0.990764,0.983005,0.73866,2.25,19,0.099375
0.503646,0.18503,0.526992,0.464372,0.090302,0.088683,0.675566,0.09127,1.0,0.0,0.509488,0.793354,0.984871,0.398089,2.255,0,0.107656
0.551647,0.195435,0.631802,0.500747,0.107112,0.107111,0.686387,0.095703,1.0,0.0,0.623914,0.861911,0.996314,0.535776,2.255,1,0.087539
0.521732,0.194945,0.576568,0.479251,0.097468,0.097356,0.67875,0.093125,1.0,0.0,0.563263,0.814484,0.990591,0.454452,2.255,2,0.026836
0.520816,0.198788,0.589145,0.478038,0.104024,0.099079,0.696895,0.09334,1.0,0.0,0.589476,0.91794,0.991168,0.536325,2.255,3,0.214883
0.555892,0.212055,0.640318,0.50402,0.092807,0.092736,0.675293,0.096387,1.0,0.0,0.532208,0.791507,0.997392,0.420148,2.255,4,0.143789
0.515026,0.192412,0.554751,0.473873,0.084373,0.078844,0.665137,0.093418,1.0,0.0,0.452233,0.719865,0.991373,0.322738,2.255,5,0.019766
0.543942,0.203268,0.616406,0.495123,0.060816,0.059498,0.641211,0.094941,1.0,0.0,0.289585,0.746233,0.994895,0.214995,2.255,6,0.035742
0.544053,0.196264,0.602963,0.498481,0.084899,0.079347,0.670059,0.095781,1.0,0.0,0.456014,0.755254,0.996447,0.343183,2.255,7,0.068164
0.534032,0.203738,0.598753,0.490142,0.105256,0.099245,0.689941,0.094629,1.0,0.0,0.593678,0.882174,0.994247,0.520714,2.255,8,0.094766
0.544844,0.206719,0.620364,0.501349,0.075189,0.074797,0.654277,0.097031,1.0,0.0,0.403358,0.649842,0.998239,0.261657,2.255,9,0.054375
0.516286,0.200784,0.565171,0.475004,0.080495,0.080297,0.674102,0.092598,1.0,0.0,0.44388,0.7834,0.989101,0.343946,2.255,10,0.194805
0.50905,0.204799,0.563455,0.469881,0.066706,0.066466,0.649824,0.093457,1.0,0.0,0.339016,0.683251,0.991474,0.229658,2.255,11,0.029687
0.513564,0.210129,0.55535,0.472609,0.096912,0.096911,0.684121,0.092324,1.0,0.0,0.559975,0.848366,0.988286,0.469499,2.255,12,0.132852
0.498829,0.171034,0.49767,0.463322,0.093911,0.093713,0.683516,0.091328,1.0,0.0,0.53928,0.844667,0.985072,0.448712,2.255,13,0.204648
0.526308,0.199452,0.583907,0.483821,0.087538,0.087392,0.674199,0.094473,1.0,0.0,0.495234,0.784068,0.993908,0.385932,2.255,14,0.104258
0.524147,0.178559,0.552189,0.485476,0.102743,0.102725,0.685215,0.094629,1.0,0.0,0.597279,0.854964,0.994247,0.507715,2.255,15,0.086094
0.539825,0.20064,0.602928,0.493573,0.092321,0.077419,0.67832,0.096113,1.0,0.0,0.472353,0.811675,0.996983,0.38224,2.255,16,0.051172
0.503669,0.189121,0.528195,0.465369,0.090048,0.089922,0.67291,0.091602,1.0,0.0,0.512977,0.775204,0.985992,0.392092,2.255,17,0.026523
0.550881,0.209086,0.639809,0.502579,0.092565,0.088254,0.675176,0.096543,1.0,0.0,0.515594,0.790713,0.997613,0.406714,2.255,18,0.054297
0.519643,0.195651,0.566436,0.476224,0.128893,0.127585,0.706348,0.092402,1.0,0.0,0.734637,0.957236,0.988522,0.695148,2.255,19,0.032617
0.526636,0.195714,0.578748,0.483046,0.088921,0.087665,0.673965,0.093867,1.0,0.0,0.50107,0.782464,0.992506,0.389131,2.26,0,0.134375
0.554887,0.192262,0.625988,0.504914,0.100359,0.097969,0.680371,0.095508,1.0,0.0,0.574561,0.824957,0.995972,0.472079,2.26,1,0.02668
0.528944,0.198484,0.565785,0.485883,0.065143,0.065089,0.660859,0.094727,1.0,0.0,0.327702,0.688341,0.994454,0.22432,2.26,2,0.204648
0.538791,0.202158,0.621845,0.492017,0.075925,0.074237,0.657715,0.09543,1.0,0.0,0.403969,0.664836,0.995831,0.267453,2.26,3,0.084844
0.55499,0.204351,0.632551,0.503679,0.0788,0.063651,0.656074,0.096895,1.0,0.0,0.369731,0.652493,0.998073,0.240782,2.26,4,0.021367
0.543309,0.21245,0.62008,0.495539,0.074497,0.073743,0.656934,0.096348,1.0,0.0,0.396723,0.658964,0.997336,0.26073,2.26,5,0.110664
0.5514,0.201904,0.620303,0.50227,0.047647,0.032711,0.62623,0.096426,1.0,0.0,0.140082,0.846222,0.997448,0.118238,2.26,6,0.089648
0.5504,0.196534,0.60771,0.503526,0.071975,0.069965,0.663359,0.096582,1.0,0.0,0.372609,0.70684,0.997666,0.26276,2.26,7,0.166094
0.540345,0.214673,0.610516,0.494489,0.077302,0.077051,0.693906,0.095254,1.0,0.0,0.419842,0.90323,0.995505,0.377509,2.26,8,0.317734
0.540779,0.202989,0.600526,0.498519,0.069872,0.068645,0.649824,0.096934,1.0,0.0,0.359536,0.683251,0.998121,0.245192,2.26,9,0.055742
0.519005,0.200722,0.557309,0.478292,0.078286,0.077455,0.673359,0.092617,1.0,0.0,0.425044,0.778304,0.989158,0.327227,2.26,10,0.195
0.510089,0.198,0.548621,0.471646,0.080218,0.079875,0.661836,0.093633,1.0,0.0,0.441287,0.69559,0.991925,0.304476,2.26,11,0.052187
0.524265,0.211072,0.591417,0.482237,0.092257,0.090228,0.67627,0.094043,1.0,0.0,0.521636,0.798082,0.992928,0.413364,2.26,12,0.042227
0.510052,0.175866,0.518275,0.471893,0.08444,0.084398,0.669219,0.092656,1.0,0.0,0.473374,0.749295,0.989272,0.350892,2.26,13,0.168047
0.528622,0.195219,0.571662,0.486242,0.084927,0.084577,0.670781,0.094785,1.0,0.0,0.475783,0.760352,0.994576,0.3598,2.26,14,0.056953
0.542409,0.189879,0.597229,0.49956,0.095319,0.095266,0.677832,0.096953,1.0,0.0,0.549237,0.808466,0.998145,0.443215,2.26,15,0.078516
0.556414,0.201927,0.631758,0.506716,0.062535,0.060311,0.649824,0.098125,1.0,0.0,0.299203,0.683251,0.999297,0.204287,2.26,16,0.11332
0.51488,0.191334,0.554763,0.473944,0.089342,0.08925,0.672402,0.093223,1.0,0.0,0.50816,0.771685,0.990856,0.388553,2.26,17,0.061563
0.554822,0.210862,0.629614,0.506608,0.073165,0.067669,0.668438,0.09748,1.0,0.0,0.367808,0.743721,0.998731,0.273199,2.26,18,0.229062
0.545083,0.204491,0.609758,0.496175,0.085606,0.0848,0.668105,0.095215,1.0,0.0,0.479027,0.741343,0.995431,0.353501,2.26,19,0.0225
0.53196,0.192715,0.597799,0.487998,0.068915,0.068075,0.665176,0.094805,1.0,0.0,0.353688,0.72015,0.994616,0.253337,2.265,0,0.238047
0.568806,0.1965,0.6421,0.516033,0.091661,0.091661,0.670898,0.098184,1.0,0.0,0.524593,0.761176,0.99934,0.399045,2.265,1,0.055898
0.542074,0.198741,0.591248,0.495553,0.060274,0.060066,0.641719,0.096055,1.0,0.0,0.289724,0.742603,0.996892,0.214481,2.265,2,0.061523
0.530637,0.195994,0.603844,0.48551,0.08481,0.084383,0.67041,0.094141,1.0,0.0,0.474655,0.757738,0.993157,0.357203,2.265,3,0.148438
0.558132,0.208675,0.623053,0.505362,0.070381,0.069585,0.659395,0.096953,1.0,0.0,0.365119,0.67742,0.998145,0.24688,2.265,4,0.182734
0.550678,0.217595,0.629348,0.501663,0.064909,0.064905,0.652754,0.097109,1.0,0.0,0.326092,0.661314,0.99833,0.215289,2.265,5,0.185078
0.556395,0.201913,0.630713,0.506708,0.046087,0.045965,0.625293,0.097578,1.0,0.0,0.185154,0.851914,0.998828,0.157551,2.265,6,0.05168
0.562129,0.198225,0.635386,0.512333,0.070565,0.068869,0.653223,0.097852,1.0,0.0,0.363029,0.657789,0.999077,0.238576,2.265,7,0.041211
0.568899,0.223667,0.672085,0.516205,0.062378,0.06236,0.659629,0.09834,1.0,0.0,0.306577,0.679171,0.999449,0.208104,2.265,8,0.194297
0.553327,0.20272,0.63348,0.508948,0.048732,0.048199,0.622891,0.099316,1.0,0.0,0.202462,0.866131,0.999907,0.175342,2.265,9,0.031055
0.526906,0.202951,0.574115,0.484073,0.077572,0.077498,0.680156,0.093555,1.0,0.0,0.422537,0.823581,0.991726,0.345114,2.265,10,0.251484
0.516115,0.198943,0.557088,0.476733,0.084587,0.084562,0.662754,0.093125,1.0,0.0,0.474498,0.702378,0.990591,0.330141,2.265,11,0.051875
0.535904,0.215654,0.597234,0.492293,0.105798,0.104859,0.697344,0.095449,1.0,0.0,0.613199,0.920061,0.995867,0.561849,2.265,12,0.184766
0.50573,0.171345,0.506455,0.470381,0.09802,0.094706,0.674941,0.092949,1.0,0.0,0.556163,0.789124,0.990107,0.434539,2.265,13,0.030977
0.539431,0.19499,0.598806,0.494729,0.081188,0.080864,0.664258,0.095723,1.0,0.0,0.448541,0.713439,0.996348,0.318838,2.265,14,0.043789
0.554829,0.193309,0.616147,0.511422,0.075106,0.074235,0.657246,0.098906,1.0,0.0,0.400901,0.661314,0.999761,0.265058,2.265,15,0.06082
0.55883,0.201271,0.643015,0.510012,0.073402,0.055124,0.662383,0.098926,1.0,0.0,0.313665,0.699637,0.999769,0.219401,2.265,16,0.14
0.530657,0.20048,0.596397,0.486492,0.070475,0.06866,0.653203,0.094766,1.0,0.0,0.361867,0.657936,0.994535,0.236784,2.265,17,0.025273
0.57007,0.210588,0.660071,0.519081,0.112114,0.110341,0.688438,0.098145,1.0,0.0,0.647763,0.873754,0.999312,0.565596,2.265,18,0.021406
0.539697,0.202891,0.592293,0.492872,0.082504,0.074453,0.663105,0.09498,1.0,0.0,0.428287,0.70497,0.994974,0.300412,2.265,19,0.002383
0.534706,0.191663,0.58221,0.491787,0.071609,0.060899,0.657891,0.096035,1.0,0.0,0.33392,0.666156,0.996861,0.221744,2.27,0,0.148672
0.566781,0.188844,0.62327,0.514795,0.068671,0.068544,0.65918,0.098145,1.0,0.0,0.354569,0.675814,0.999312,0.239458,2.27,1,0.180039
0.552818,0.20105,0.61421,0.503593,0.063317,0.063256,0.646289,0.097012,1.0,0.0,0.313623,0.709425,0.998216,0.222095,2.27,2,0.065898
0.536299,0.19994,0.595823,0.490974,0.086624,0.086492,0.677207,0.095352,1.0,0.0,0.488769,0.804333,0.995688,0.391438,2.27,3,0.20207
0.560473,0.207104,0.646912,0.508165,0.07541,0.07424,0.654785,0.097051,1.0,0.0,0.402061,0.646011,0.998262,0.259284,2.27,4,0.030313
0.548363,0.207473,0.634918,0.500672,0.093926,0.093459,0.670488,0.09623,1.0,0.0,0.538466,0.758289,0.997162,0.407154,2.27,5,0.068281
0.560064,0.19874,0.635386,0.510508,0.04737,0.046539,0.628418,0.09791,1.0,0.0,0.19168,0.832645,0.999127,0.159462,2.27,6,0.115938
0.585964,0.198849,0.67469,0.529407,0.058462,0.056396,0.640645,0.100137,1.0,0.0,0.268745,0.750268,0.999996,0.20163,2.27,7,0.022383
0.561201,0.212112,0.650612,0.512016,0.058551,0.058298,0.641465,0.098301,1.0,0.0,0.276405,0.74442,0.999423,0.205643,2.27,8,0.028867
0.56339,0.200842,0.644036,0.51546,0.050668,0.046109,0.628789,0.100215,1.0,0.0,0.201417,0.830301,0.999991,0.167236,2.27,9,0.045469
0.539225,0.204171,0.600767,0.494636,0.112588,0.109868,0.69084,0.095078,1.0,0.0,0.647704,0.887092,0.995167,0.571796,2.27,10,0.003633
0.532567,0.200271,0.582036,0.490653,0.073735,0.073567,0.651152,0.095371,1.0,0.0,0.393168,0.67333,0.995724,0.2636,2.27,11,0.039648
0.533921,0.209037,0.591963,0.491653,0.097408,0.094005,0.682617,0.095703,1.0,0.0,0.551793,0.839121,0.996314,0.461314,2.27,12,0.076172
0.515751,0.177095,0.521581,0.477814,0.095954,0.093714,0.673301,0.093711,1.0,0.0,0.546077,0.777901,0.992121,0.421447,2.27,13,0.030391
0.533972,0.197464,0.593624,0.490559,0.095312,0.094423,0.673984,0.095039,1.0,0.0,0.546379,0.782598,0.99509,0.425495,2.27,14,0.027578
0.568092,0.195944,0.643787,0.521459,0.071511,0.064012,0.654902,0.09998,1.0,0.0,0.346826,0.645126,1.0,0.223746,2.27,15,0.033984
0.551449,0.182399,0.60422,0.506236,0.08081,0.080666,0.664297,0.09793,1.0,0.0,0.446413,0.713725,0.999143,0.318343,2.27,16,0.015859
0.535375,0.1943,0.602737,0.490404,0.048926,0.04856,0.626582,0.095332,1.0,0.0,0.204456,0.844068,0.995651,0.171824,2.27,17,0.024727
0.569024,0.205288,0.642844,0.519941,0.080832,0.08083,0.665273,0.099238,1.0,0.0,0.447103,0.720863,0.999884,0.322262,2.27,18,0.104492
0.541577,0.205394,0.608729,0.494807,0.072752,0.072747,0.655859,0.095723,1.0,0.0,0.386299,0.650873,0.996348,0.250513,2.27,19,0.065273
0.555678,0.200391,0.638091,0.507869,0.065458,0.059237,0.646719,0.09832,1.0,0.0,0.305535,0.706265,0.999436,0.215667,2.275,0,0.073359
0.571493,0.191208,0.637973,0.519007,0.056554,0.050791,0.641348,0.099277,1.0,0.0,0.239815,0.745257,0.999896,0.178705,2.275,1,0.148633
0.562687,0.201234,0.630639,0.511046,0.063196,0.062704,0.647871,0.098359,1.0,0.0,0.311032,0.697759,0.999462,0.216909,2.275,2,0.046602
0.552678,0.203268,0.63062,0.505204,0.06981,0.064658,0.65002,0.09748,1.0,0.0,0.34342,0.681795,0.998731,0.233845,2.275,3,0.073359
0.567524,0.204949,0.64861,0.51486,0.055347,0.055285,0.637695,0.098672,1.0,0.0,0.252895,0.771006,0.999647,0.194915,2.275,4,0.118828
0.559001,0.204148,0.636133,0.509787,0.079449,0.078282,0.656699,0.098223,1.0,0.0,0.432471,0.657201,0.999368,0.284041,2.275,5,0.029063
0.574469,0.202694,0.660479,0.52241,0.033512,0.03215,0.607832,0.099785,1.0,0.0,0.100444,0.941277,0.999991,0.094545,2.275,6,0.072578
0.584948,0.194231,0.670479,0.530464,0.059241,0.058111,0.637988,0.100703,1.0,0.0,0.27829,0.768968,0.999901,0.213975,2.275,7,0.045391
0.567247,0.208358,0.653023,0.519053,0.046407,0.046397,0.630957,0.099609,1.0,0.0,0.187799,0.816392,0.999969,0.153313,2.275,8,0.162031
0.561512,0.192713,0.631887,0.515651,0.073371,0.072925,0.654492,0.099375,1.0,0.0,0.389331,0.648222,0.999922,0.252353,2.275,9,0.053633
0.554652,0.202761,0.628593,0.508741,0.075274,0.072746,0.658613,0.097461,1.0,0.0,0.395764,0.671575,0.998711,0.265442,2.275,10,0.095703
0.54619,0.204723,0.623919,0.500046,0.105388,0.105072,0.682109,0.095684,1.0,0.0,0.612616,0.835955,0.996281,0.510215,2.275,11,0.064102
0.534763,0.203155,0.610651,0.492821,0.085453,0.084922,0.667344,0.096191,1.0,0.0,0.478923,0.735869,0.997103,0.351404,2.275,12,0.050273
0.535755,0.187249,0.576463,0.492424,0.0657,0.052792,0.644473,0.095801,1.0,0.0,0.27884,0.722712,0.99648,0.200812,2.275,13,0.013594
0.546107,0.19727,0.596991,0.499996,0.055974,0.055816,0.637656,0.096738,1.0,0.0,0.25725,0.771278,0.997875,0.19799,2.275,14,0.060898
0.562686,0.194222,0.61308,0.517404,0.047139,0.046907,0.641387,0.099609,1.0,0.0,0.19218,0.744978,0.999969,0.143165,2.275,15,0.205234
0.558932,0.187047,0.626409,0.512872,0.079306,0.066864,0.661523,0.099414,1.0,0.0,0.385575,0.693273,0.999931,0.267291,2.275,16,0.085352
0.547479,0.201703,0.630875,0.499093,0.058363,0.058132,0.640801,0.095918,1.0,0.0,0.275058,0.749156,0.996673,0.205376,2.275,17,0.03875
0.585228,0.209032,0.67593,0.532926,0.055129,0.053952,0.632617,0.101328,1.0,0.0,0.247046,0.805498,0.999647,0.198925,2.275,18,0.071523
0.553669,0.209586,0.633488,0.504574,0.081525,0.080681,0.664297,0.096816,1.0,0.0,0.449095,0.713725,0.997975,0.319881,2.275,19,0.126016
0.564175,0.202588,0.634964,0.513611,0.05659,0.056375,0.635586,0.09875,1.0,0.0,0.261682,0.785535,0.999688,0.205496,2.28,0,0.054453
0.5745,0.199006,0.655211,0.521575,0.06379,0.059402,0.642773,0.099844,1.0,0.0,0.300207,0.735024,0.999995,0.220658,2.28,1,0.039844
0.569332,0.203363,0.649293,0.517452,0.043934,0.043893,0.626855,0.099043,1.0,0.0,0.170506,0.842385,0.999817,0.143605,2.28,2,0.113867
0.57207,0.204922,0.668881,0.519552,0.065903,0.059887,0.64543,0.09957,1.0,0.0,0.309796,0.715727,0.999963,0.221721,2.28,3,0.025156
0.569136,0.205636,0.656599,0.518348,0.061879,0.060187,0.64043,0.099355,1.0,0.0,0.296259,0.751794,0.999917,0.222707,2.28,4,0.021055
0.574163,0.213311,0.6619,0.521696,0.062026,0.06156,0.643887,0.099531,1.0,0.0,0.302148,0.726971,0.999956,0.219643,2.28,5,0.099531
0.5764,0.195241,0.64804,0.525181,0.040458,0.039786,0.622188,0.100449,1.0,0.0,0.145142,0.870188,0.99996,0.126296,2.28,6,0.142344
0.589477,0.190407,0.673271,0.533201,0.045644,0.045401,0.625254,0.101035,1.0,0.0,0.181632,0.852149,0.999786,0.154744,2.28,7,0.104336
0.583206,0.217645,0.685259,0.531041,0.047194,0.046754,0.624141,0.101699,1.0,0.0,0.191831,0.858801,0.999423,0.16465,2.28,8,0.038008
0.561974,0.196002,0.640442,0.515139,0.059528,0.053477,0.640098,0.100117,1.0,0.0,0.260983,0.754148,0.999997,0.19682,2.28,9,0.090234
0.568423,0.203852,0.658805,0.518906,0.070543,0.070306,0.649805,0.099199,1.0,0.0,0.368514,0.683397,0.999872,0.251809,2.28,10,0.011641
0.555065,0.205095,0.631268,0.506948,0.066748,0.066681,0.64707,0.097949,1.0,0.0,0.340004,0.703674,0.999159,0.239051,2.28,11,0.021484
0.543915,0.20227,0.615341,0.500603,0.083879,0.081993,0.66582,0.097285,1.0,0.0,0.462512,0.724844,0.998527,0.334755,2.28,12,0.037148
0.536281,0.182196,0.570399,0.494183,0.050754,0.049437,0.630957,0.095723,1.0,0.0,0.214202,0.816392,0.996348,0.174234,2.28,13,0.116328
0.571208,0.202358,0.65865,0.520553,0.065197,0.063345,0.645996,0.099004,1.0,0.0,0.321121,0.711577,0.999802,0.228457,2.28,14,0.027383
0.570472,0.19804,0.645715,0.523145,0.066353,0.066129,0.647559,0.100801,1.0,0.0,0.336359,0.70007,0.999872,0.235445,2.28,15,0.022969
0.571456,0.189645,0.643602,0.522994,0.055452,0.055334,0.637891,0.100957,1.0,0.0,0.253473,0.769648,0.999817,0.195049,2.28,16,0.128125
0.539826,0.202926,0.606972,0.494226,0.054204,0.051835,0.632383,0.095957,1.0,0.0,0.235607,0.807048,0.996736,0.189526,2.28,17,0.005
0.583369,0.21052,0.67421,0.532621,0.054009,0.053154,0.63,0.101406,1.0,0.0,0.239902,0.822578,0.999605,0.19726,2.28,18,0.008867
0.563982,0.214946,0.653431,0.513581,0.05522,0.049889,0.632773,0.098437,1.0,0.0,0.231622,0.804463,0.999512,0.18624,2.28,19,0.017344
0.561016,0.200829,0.632486,0.511755,0.059508,0.059302,0.637383,0.098535,1.0,0.0,0.283877,0.773176,0.999571,0.219393,2.285,0,0.07082
0.571535,0.196479,0.649874,0.520904,0.057133,0.056898,0.638125,0.099453,1.0,0.0,0.26571,0.768015,0.99994,0.204057,2.285,1,0.08668
0.572953,0.206929,0.664391,0.520133,0.044427,0.036811,0.625098,0.099805,1.0,0.0,0.146987,0.85309,0.999992,0.125392,2.285,2,0.035977
0.570563,0.199037,0.658389,0.517786,0.063583,0.063446,0.642109,0.099395,1.0,0.0,0.315377,0.739802,0.999927,0.233299,2.285,3,0.037734
0.572836,0.198384,0.644343,0.51973,0.068776,0.068667,0.648125,0.099746,1.0,0.0,0.355441,0.695879,0.999987,0.247341,2.285,4,0.002383
0.582562,0.218739,0.676854,0.527837,0.044945,0.044619,0.624395,0.100723,1.0,0.0,0.176486,0.857294,0.999896,0.151284,2.285,5,0.133242
0.599021,0.205305,0.703518,0.54241,0.03937,0.039225,0.613652,0.103027,1.0,0.0,0.139815,0.915326,0.998169,0.127742,2.285,6,0.00082
0.587967,0.198123,0.677874,0.534202,0.045425,0.0447,0.620234,0.10127,1.0,0.0,0.178421,0.881201,0.999678,0.157174,2.285,7,0.010664
0.586211,0.215419,0.690969,0.534265,0.040717,0.040341,0.615137,0.102129,1.0,0.0,0.14781,0.908053,0.999094,0.134098,2.285,8,0.024922
0.580207,0.195723,0.655686,0.530024,0.039097,0.037024,0.608887,0.102832,1.0,0.0,0.131831,0.936889,0.998397,0.123313,2.285,9,0.020078
0.561049,0.196644,0.614628,0.514277,0.047418,0.047395,0.63625,0.099336,1.0,0.0,0.194901,0.78099,0.999912,0.152202,2.285,10,0.178359
0.552031,0.199267,0.612025,0.505521,0.067235,0.066821,0.667188,0.09752,1.0,0.0,0.342413,0.734743,0.99877,0.251276,2.285,11,0.265156
0.569315,0.204729,0.661333,0.519675,0.064808,0.058587,0.643633,0.10002,1.0,0.0,0.300542,0.728813,1.0,0.219039,2.285,12,0.020898
0.540538,0.184755,0.572844,0.499666,0.065048,0.063119,0.644844,0.097344,1.0,0.0,0.319673,0.720008,0.99859,0.229843,2.285,13,0.057813
0.562135,0.194959,0.638055,0.515532,0.043562,0.043319,0.621055,0.100273,1.0,0.0,0.167274,0.876623,0.999985,0.146634,2.285,14,0.051367
0.581178,0.193054,0.64632,0.532241,0.03414,0.030396,0.613809,0.102031,1.0,0.0,0.09695,0.914573,0.999175,0.088595,2.285,15,0.118008
0.569427,0.185458,0.634509,0.522819,0.055677,0.05307,0.635625,0.101289,1.0,0.0,0.245671,0.785268,0.999668,0.192853,2.285,16,0.067461
0.551153,0.205047,0.628569,0.502858,0.047894,0.047597,0.628477,0.097695,1.0,0.0,0.197316,0.832275,0.998938,0.164047,2.285,17,0.063437
0.607449,0.214274,0.710623,0.549456,0.049559,0.049427,0.62541,0.102734,1.0,0.0,0.209874,0.851207,0.998506,0.178379,2.285,18,0.080781
0.560718,0.212321,0.650244,0.511772,0.07001,0.069829,0.649473,0.097402,1.0,0.0,0.36464,0.685871,0.998651,0.249758,2.285,19,0.001836
0.567271,0.1949,0.625214,0.517771,0.056764,0.056647,0.63582,0.09957,1.0,0.0,0.263366,0.783934,0.999963,0.206454,2.29,0,0.024414
0.590735,0.196732,0.677698,0.536629,0.045654,0.045643,0.619609,0.102051,1.0,0.0,0.182513,0.884644,0.999159,0.161323,2.29,1,0.007422
0.585082,0.20114,0.672974,0.531169,0.049034,0.048111,0.632109,0.100449,1.0,0.0,0.203214,0.808852,0.99996,0.164363,2.29,2,0.055898
0.581061,0.202617,0.666122,0.526409,0.046191,0.045262,0.627012,0.100703,1.0,0.0,0.183035,0.84142,0.999901,0.153994,2.29,3,0.112578
0.589529,0.208164,0.688023,0.533769,0.042521,0.039508,0.618184,0.100977,1.0,0.0,0.150785,0.892343,0.999809,0.134526,2.29,4,0.074531
0.601075,0.21851,0.70941,0.542395,0.031886,0.030781,0.605918,0.10248,1.0,0.0,0.092062,0.948874,0.99877,0.087248,2.29,5,0.095469
0.605993,0.196463,0.687576,0.548752,0.028258,0.026777,0.59666,0.103691,1.0,0.0,0.072003,0.978549,0.997278,0.070266,2.29,6,0.003477
0.599953,0.197629,0.698978,0.543733,0.034726,0.034418,0.605391,0.104004,1.0,0.0,0.110605,0.950881,0.996799,0.104835,2.29,7,0.015391
0.594802,0.220094,0.70146,0.541603,0.038075,0.035984,0.611621,0.102344,1.0,0.0,0.125384,0.924857,0.998902,0.115835,2.29,8,0.022617
0.598316,0.201736,0.680148,0.54571,0.020053,0.019363,0.578477,0.103984,1.0,0.0,0.037846,0.999819,0.99683,0.037719,2.29,9,0.06418
0.570264,0.196553,0.635679,0.520437,0.049781,0.04961,0.629453,0.098672,1.0,0.0,0.21134,0.82608,0.999647,0.174523,2.29,10,0.104219
0.550503,0.199997,0.621293,0.504993,0.038814,0.033791,0.611016,0.097969,1.0,0.0,0.120395,0.927601,0.999175,0.111587,2.29,11,0.040742
0.572203,0.197749,0.647238,0.522701,0.046088,0.045511,0.624121,0.100312,1.0,0.0,0.183563,0.858916,0.99998,0.157662,2.29,12,0.082109
0.546776,0.177866,0.582676,0.503804,0.081072,0.081053,0.662246,0.097734,1.0,0.0,0.44881,0.698626,0.998974,0.313229,2.29,13,0.067148
0.564626,0.193832,0.638681,0.51824,0.04896,0.048277,0.626875,0.09998,1.0,0.0,0.203553,0.842264,1.0,0.171446,2.29,14,0.053633
0.591428,0.20215,0.673832,0.54066,0.01635,0.013734,0.57541,0.103086,1.0,0.0,0.022117,0.998356,0.998097,0.022039,2.29,15,0.056094
0.59016,0.188657,0.664204,0.539043,0.055458,0.052351,0.635352,0.102676,1.0,0.0,0.242097,0.787132,0.998569,0.19029,2.29,16,0.010313
0.567588,0.216147,0.661224,0.51591,0.042262,0.041368,0.622188,0.098711,1.0,0.0,0.156297,0.870188,0.999668,0.135963,2.29,17,0.036836
0.610138,0.204134,0.694792,0.552913,0.03066,0.030283,0.600684,0.103965,1.0,0.0,0.087387,0.96713,0.996861,0.084249,2.29,18,0.126484
0.571032,0.210437,0.662312,0.520808,0.045633,0.044342,0.635117,0.1,1.0,0.0,0.177872,0.788726,1.0,0.140293,2.29,19,0.216875
0.580516,0.198165,0.660769,0.527345,0.060874,0.059968,0.642227,0.100586,1.0,0.0,0.291623,0.73896,0.999931,0.215483,2.295,0,0.023945
0.5915,0.199408,0.685829,0.5364,0.049314,0.044487,0.62584,0.102734,1.0,0.0,0.190753,0.848603,0.998506,0.161632,2.295,1,0.039023
0.601132,0.200822,0.688416,0.543875,0.023687,0.021431,0.594688,0.103184,1.0,0.0,0.049086,0.983288,0.997975,0.048168,2.295,2,0.084844
0.596264,0.204939,0.705719,0.538806,0.041534,0.041163,0.6225,0.102246,1.0,0.0,0.153212,0.868391,0.998992,0.132914,2.295,3,0.126836
0.592299,0.202818,0.682845,0.535755,0.042451,0.039749,0.618555,0.101543,1.0,0.0,0.151393,0.890359,0.999524,0.13473,2.295,4,0.066523
0.612668,0.222272,0.736225,0.550692,0.035716,0.035557,0.60959,0.103496,1.0,0.0,0.116968,0.933884,0.997558,0.108968,2.295,5,0.068242
0.611583,0.194131,0.692763,0.553892,0.020771,0.019703,0.581758,0.103887,1.0,0.0,0.039832,0.999759,0.996983,0.039703,2.295,6,0.011875
0.59783,0.194477,0.676231,0.543073,0.035027,0.03188,0.606152,0.102598,1.0,0.0,0.10382,0.947969,0.998651,0.098285,2.295,7,0.038242
0.600111,0.224662,0.713766,0.546142,0.03413,0.027281,0.605488,0.103691,1.0,0.0,0.087495,0.950512,0.997278,0.082939,2.295,8,0.028398
0.603475,0.201995,0.684703,0.548215,0.033367,0.030019,0.607305,0.103516,1.0,0.0,0.093803,0.943418,0.997531,0.088277,2.295,9,0.107695
0.579917,0.195843,0.64906,0.529292,0.047706,0.040273,0.624727,0.101172,1.0,0.0,0.16969,0.855314,0.999725,0.145098,2.295,10,0.038164
0.565715,0.20053,0.649993,0.518222,0.060957,0.059077,0.64209,0.099375,1.0,0.0,0.288471,0.739942,0.999922,0.213435,2.295,11,0.057109
0.557698,0.196364,0.634405,0.511046,0.053574,0.053227,0.635078,0.099258,1.0,0.0,0.238567,0.788991,0.99989,0.188207,2.295,12,0.072891
0.559684,0.186211,0.608739,0.513151,0.051239,0.051165,0.62793,0.099043,1.0,0.0,0.222327,0.83571,0.999817,0.185767,2.295,13,0.058477
0.568425,0.191801,0.641631,0.520793,0.031006,0.028816,0.605742,0.100293,1.0,0.0,0.084269,0.949547,0.999983,0.080016,2.295,14,0.103594
0.61113,0.201573,0.709358,0.55762,0.023658,0.022269,0.587852,0.105488,1.0,0.0,0.050883,0.995195,0.993994,0.050335,2.295,15,0.01375
0.594206,0.186528,0.658833,0.542545,0.039142,0.034087,0.618809,0.10332,1.0,0.0,0.122302,0.888994,0.997798,0.108486,2.295,16,0.129531
0.56541,0.210567,0.658933,0.515691,0.062967,0.062127,0.644219,0.09916,1.0,0.0,0.307926,0.72456,0.999859,0.223079,2.295,17,0.065547
0.615063,0.20871,0.709811,0.557103,0.033326,0.030902,0.606895,0.104629,1.0,0.0,0.096288,0.945058,0.995724,0.090609,2.295,18,0.131602
0.568852,0.205284,0.657927,0.520241,0.040179,0.039688,0.615781,0.100117,1.0,0.0,0.143925,0.904816,0.999997,0.130225,2.295,19,0.073203
0.581993,0.194505,0.641388,0.529829,0.033563,0.029401,0.607539,0.101074,1.0,0.0,0.092483,0.942471,0.999769,0.087142,2.3,0,0.057227
0.596334,0.202371,0.690497,0.543083,0.02444,0.017297,0.587871,0.104668,1.0,0.0,0.041044,0.995172,0.995651,0.040668,2.3,1,0.025352
0.613396,0.21157,0.70497,0.555389,0.031835,0.031082,0.606016,0.104629,1.0,0.0,0.092768,0.948498,0.995724,0.087614,2.3,2,0.014219
0.608995,0.206906,0.71548,0.550595,0.033646,0.03331,0.608828,0.104258,1.0,0.0,0.104204,0.937136,0.996381,0.0973,2.3,3,0.08375
0.602963,0.211566,0.712595,0.54522,0.042659,0.041066,0.616406,0.103164,1.0,0.0,0.156573,0.901633,0.998,0.140889,2.3,4,0.016953
0.606486,0.222764,0.715743,0.547125,0.046187,0.046156,0.624434,0.102832,1.0,0.0,0.186175,0.857061,0.998397,0.159307,2.3,5,0.07375
0.610892,0.197839,0.696514,0.555363,0.021341,0.020565,0.583789,0.105703,1.0,0.0,0.042634,0.998879,0.993516,0.04231,2.3,6,0.011563
0.611354,0.20458,0.708344,0.554456,0.018671,0.01566,0.582363,0.105566,1.0,0.0,0.02867,0.999564,0.993822,0.02848,2.3,7,0.107617
0.609836,0.223346,0.726226,0.554873,0.039196,0.038892,0.61584,0.104336,1.0,0.0,0.13819,0.90452,0.996247,0.124527,2.3,8,0.12918
0.596599,0.199027,0.677813,0.544106,0.034712,0.033764,0.614004,0.102969,1.0,0.0,0.108614,0.913627,0.998239,0.099058,2.3,9,0.137852
0.598707,0.199522,0.681297,0.544093,0.028424,0.02842,0.606211,0.103477,1.0,0.0,0.076622,0.947742,0.997586,0.072442,2.3,10,0.178828
0.581767,0.201467,0.657284,0.530976,0.042024,0.041868,0.618691,0.100801,1.0,0.0,0.157192,0.889625,0.999872,0.139824,2.3,11,0.00957
0.570348,0.20431,0.658664,0.521958,0.028032,0.027911,0.59625,0.100898,1.0,0.0,0.074332,0.979581,0.999839,0.072803,2.3,12,0.054453
0.56678,0.193228,0.638554,0.520446,0.047448,0.044274,0.620664,0.100879,1.0,0.0,0.183757,0.878812,0.999846,0.161463,2.3,13,0.012227
0.577509,0.190855,0.638598,0.526755,0.038565,0.037894,0.614473,0.100937,1.0,0.0,0.132994,0.911338,0.999824,0.121182,2.3,14,0.059062
0.610292,0.195821,0.693918,0.556641,0.023075,0.02248,0.586836,0.10502,1.0,0.0,0.050129,0.996356,0.994974,0.049695,2.3,15,0.024922
0.605134,0.187734,0.676185,0.551398,0.039737,0.039177,0.613867,0.104668,1.0,0.0,0.140837,0.914289,0.995651,0.128206,2.3,16,0.044258
0.571526,0.208906,0.669104,0.520934,0.048108,0.047913,0.624707,0.100391,1.0,0.0,0.199209,0.855431,0.999969,0.170405,2.3,17,0.038594
0.62075,0.205349,0.719383,0.561163,0.035709,0.033329,0.606641,0.105371,1.0,0.0,0.110153,0.946062,0.994247,0.103612,2.3,18,0.051133
0.602313,0.218493,0.720391,0.544795,0.036778,0.035499,0.611387,0.103594,1.0,0.0,0.119976,0.925924,0.99742,0.110802,2.3,19,0.048672
0.589506,0.200563,0.678697,0.536568,0.02546,0.025298,0.591523,0.102578,1.0,0.0,0.06174,0.989679,0.998672,0.061022,2.305,0,0.009141
0.609316,0.20665,0.709665,0.550403,0.03097,0.03097,0.600332,0.10502,1.0,0.0,0.090099,0.96822,0.994974,0.086797,2.305,1,0.024648
0.614529,0.213637,0.717777,0.556346,0.026378,0.026371,0.60293,0.105078,1.0,0.0,0.066457,0.959756,0.994856,0.063455,2.305,2,0.13375
0.623998,0.206287,0.747371,0.562599,0.02733,0.027256,0.594473,0.10543,1.0,0.0,0.070941,0.983769,0.994121,0.069379,2.305,3,0.039531
0.60718,0.212995,0.717789,0.548004,0.041287,0.040862,0.615488,0.10293,1.0,0.0,0.151397,0.906294,0.998285,0.136975,2.305,4,0.027969
0.605603,0.219059,0.72407,0.548146,0.029666,0.029537,0.604707,0.103242,1.0,0.0,0.082748,0.953429,0.9979,0.078729,2.305,5,0.135508
0.624315,0.203992,0.727441,0.566391,0.01068,0.010658,0.560625,0.107207,1.0,0.0,0.011297,0.971098,0.989666,0.010858,2.305,6,0.03543
0.608935,0.197529,0.69197,0.551363,0.014978,0.014083,0.567891,0.104609,1.0,0.0,0.020801,0.988609,0.99576,0.020476,2.305,7,0.005742
0.614261,0.223631,0.738272,0.557971,0.042277,0.042191,0.615176,0.105117,1.0,0.0,0.159121,0.907858,0.994777,0.143705,2.305,8,0.007188
0.611994,0.209127,0.714676,0.557566,0.016038,0.016025,0.578496,0.105938,1.0,0.0,0.025268,0.999823,0.992974,0.025086,2.305,9,0.128555
0.61672,0.204556,0.721236,0.559002,0.041994,0.041568,0.616016,0.105586,1.0,0.0,0.156084,0.903628,0.993779,0.140164,2.305,10,0.032187
0.591665,0.202909,0.672943,0.536754,0.03116,0.030883,0.601348,0.102012,1.0,0.0,0.090378,0.965023,0.999191,0.087146,2.305,11,0.041602
0.582204,0.206554,0.675231,0.532239,0.027533,0.027513,0.596602,0.102695,1.0,0.0,0.072083,0.978698,0.998548,0.070445,2.305,12,0.065391
0.575468,0.196207,0.653414,0.527348,0.033884,0.033053,0.605996,0.101348,1.0,0.0,0.104135,0.948573,0.999637,0.098744,2.305,13,0.093242
0.590048,0.199317,0.677852,0.53628,0.024757,0.022682,0.595352,0.10291,1.0,0.0,0.054109,0.981757,0.998308,0.053032,2.305,14,0.118125
0.606855,0.189797,0.673322,0.554494,0.032586,0.032584,0.602344,0.105,1.0,0.0,0.09909,0.961747,0.995012,0.094825,2.305,15,0.007305
0.612187,0.193993,0.697741,0.557807,0.022816,0.018134,0.587129,0.10543,1.0,0.0,0.04023,0.996037,0.994121,0.039835,2.305,16,0.077422
0.576426,0.204368,0.664551,0.526401,0.032324,0.031858,0.605605,0.101836,1.0,0.0,0.096298,0.950068,0.999326,0.091428,2.305,17,0.094062
0.62189,0.201487,0.713061,0.56451,0.017434,0.015484,0.572578,0.105996,1.0,0.0,0.026513,0.995706,0.992835,0.02621,2.305,18,0.015352
0.596408,0.216938,0.706047,0.543231,0.043428,0.043289,0.621328,0.104043,1.0,0.0,0.166721,0.875081,0.996736,0.145418,2.305,19,0.020039
0.597764,0.203093,0.67974,0.542649,0.01531,0.014494,0.568906,0.103574,1.0,0.0,0.021865,0.990431,0.997448,0.021601,2.31,0,0.093438
0.611389,0.207813,0.710371,0.553132,0.016645,0.016357,0.576055,0.105508,1.0,0.0,0.026738,0.998785,0.993951,0.026544,2.31,1,0.075039
0.61974,0.209282,0.693393,0.560983,0.02489,0.02474,0.594023,0.10625,1.0,0.0,0.059135,0.984754,0.992218,0.05778,2.31,2,0.046953
0.627811,0.203293,0.743123,0.564887,0.020126,0.014146,0.581543,0.106445,1.0,0.0,0.027907,0.999814,0.991726,0.027671,2.31,3,0.091992
0.620967,0.210556,0.729554,0.562125,0.026414,0.02615,0.593203,0.105684,1.0,0.0,0.066014,0.986473,0.99356,0.064702,2.31,4,0.101016
0.625796,0.217967,0.739404,0.564195,0.031313,0.030742,0.599824,0.105742,1.0,0.0,0.090404,0.969763,0.993427,0.087094,2.31,5,0.038008
0.626534,0.207275,0.727014,0.568476,0.006229,0.006187,0.5475,0.107344,1.0,0.0,0.003844,0.920793,0.989272,0.003502,2.31,6,0.115977
0.624329,0.195955,0.711599,0.564842,0.023747,0.021962,0.586777,0.105742,1.0,0.0,0.050386,0.996418,0.993427,0.049875,2.31,7,0.03957
0.624557,0.221604,0.749086,0.566002,0.015172,0.013478,0.571348,0.106738,1.0,0.0,0.020172,0.994168,0.99096,0.019873,2.31,8,0.022852
0.629455,0.2129,0.747887,0.570883,0.023803,0.023787,0.586875,0.106777,1.0,0.0,0.054549,0.996314,0.990856,0.053851,2.31,9,0.034063
0.616476,0.207915,0.712027,0.558686,0.028592,0.028506,0.607305,0.105488,1.0,0.0,0.07727,0.943418,0.993994,0.07246,2.31,10,0.182773
0.622432,0.215614,0.736717,0.562163,0.021459,0.021101,0.585449,0.105059,1.0,0.0,0.043948,0.997683,0.994895,0.043622,2.31,11,0.056562
0.595953,0.197125,0.691733,0.543086,0.029765,0.028054,0.598945,0.103652,1.0,0.0,0.079058,0.972348,0.997336,0.076667,2.31,12,0.038125
0.590574,0.195471,0.676826,0.538613,0.031299,0.029769,0.599512,0.103398,1.0,0.0,0.087674,0.970695,0.997693,0.084908,2.31,13,0.054414
0.609311,0.204528,0.717054,0.554415,0.018846,0.01411,0.581113,0.105605,1.0,0.0,0.026108,0.999903,0.993735,0.025942,2.31,14,0.027148
0.606629,0.191851,0.666924,0.55452,0.019033,0.018906,0.579531,0.10498,1.0,0.0,0.035137,0.999983,0.995051,0.034962,2.31,15,0.064102
0.619795,0.194587,0.706726,0.563662,0.012571,0.01159,0.577012,0.107324,1.0,0.0,0.014429,0.999303,0.989329,0.014265,2.31,16,0.159492
0.585712,0.207485,0.679903,0.534517,0.021726,0.021242,0.581113,0.102949,1.0,0.0,0.044767,0.999903,0.998262,0.044684,2.31,17,0.037813
0.647918,0.207971,0.765559,0.583524,0.013499,0.01194,0.563555,0.107871,1.0,0.0,0.015944,0.979093,0.987686,0.015418,2.31,18,0.016328
0.603262,0.215452,0.721785,0.548283,0.038495,0.038382,0.619004,0.103984,1.0,0.0,0.13433,0.887939,0.99683,0.118899,2.31,19,0.096523
0.619893,0.208044,0.725795,0.560405,0.011135,0.009118,0.557578,0.105977,1.0,0.0,0.010083,0.961485,0.992882,0.009626,2.315,0,0.013945
0.629457,0.205827,0.741115,0.567598,0.018314,0.018311,0.580859,0.106719,1.0,0.0,0.032799,0.999942,0.991012,0.032502,2.315,1,0.073555
0.623348,0.209881,0.728131,0.563551,0.01502,0.014566,0.57082,0.105898,1.0,0.0,0.021563,0.993438,0.993066,0.021273,2.315,2,0.078281
0.618855,0.199527,0.719671,0.558328,0.032514,0.024814,0.605723,0.105117,1.0,0.0,0.076391,0.949621,0.994777,0.072164,2.315,3,0.092617
0.624662,0.203418,0.729465,0.566173,0.020074,0.014605,0.577754,0.106445,1.0,0.0,0.028728,0.999606,0.991726,0.028479,2.315,4,0.014766
0.620275,0.217921,0.740263,0.560004,0.017131,0.017112,0.574043,0.106113,1.0,0.0,0.028752,0.997231,0.992553,0.028459,2.315,5,0.054219
0.644786,0.214985,0.770003,0.580363,0.007239,0.006069,0.551777,0.109102,1.0,0.0,0.004381,0.939669,0.983569,0.004049,2.315,6,0.09457
0.614964,0.192408,0.700282,0.558483,0.015382,0.014852,0.581309,0.106211,1.0,0.0,0.022502,0.999866,0.992315,0.022326,2.315,7,0.179688
0.619414,0.218125,0.732876,0.56241,0.02512,0.025077,0.592988,0.106621,1.0,0.0,0.060438,0.986907,0.991271,0.059126,2.315,8,0.085586
0.635096,0.207597,0.742625,0.575516,0.015513,0.014872,0.570059,0.108965,1.0,0.0,0.022721,0.992309,0.984055,0.022187,2.315,9,0.033281
0.625289,0.206114,0.73348,0.565677,0.016099,0.015026,0.571953,0.10668,1.0,0.0,0.023805,0.994954,0.991116,0.023475,2.315,10,0.046133
0.623853,0.212571,0.730298,0.56453,0.015178,0.015173,0.577168,0.105879,1.0,0.0,0.022682,0.999374,0.993112,0.022511,2.315,11,0.144063
0.613121,0.208714,0.734299,0.556204,0.019345,0.019337,0.579102,0.105273,1.0,0.0,0.036495,0.999937,0.994454,0.036291,2.315,12,0.018203
0.584966,0.187899,0.668393,0.535754,0.024958,0.023986,0.589863,0.103516,1.0,0.0,0.057552,0.992428,0.997531,0.056975,2.315,13,0.078594
0.616977,0.206182,0.71765,0.560034,0.011886,0.01162,0.564238,0.105938,1.0,0.0,0.013686,0.980778,0.992974,0.013328,2.315,14,0.006172
0.613171,0.193004,0.701904,0.560233,0.014415,0.014114,0.574121,0.106582,1.0,0.0,0.020072,0.997304,0.991373,0.019845,2.315,15,0.104258
0.641496,0.199336,0.740362,0.580915,0.011152,0.010941,0.562676,0.109023,1.0,0.0,0.012104,0.976825,0.983847,0.011632,2.315,16,0.094414
0.601193,0.20616,0.703852,0.543568,0.02523,0.023782,0.591094,0.103105,1.0,0.0,0.057677,0.990431,0.998073,0.057015,2.315,17,0.006562
0.656276,0.205199,0.772583,0.590247,0.017887,0.015941,0.575234,0.10873,1.0,0.0,0.027976,0.998227,0.984871,0.027504,2.315,18,0.030547
0.602902,0.204768,0.685434,0.551725,0.030705,0.029245,0.60998,0.105117,1.0,0.0,0.084679,0.932188,0.994777,0.078524,2.315,19,0.153281
0.629057,0.204957,0.737477,0.568777,0.015073,0.014717,0.571738,0.107207,1.0,0.0,0.021859,0.994682,0.989666,0.021518,2.32,0,0.051328
0.635889,0.205378,0.750953,0.572166,0.010111,0.008465,0.55457,0.10752,1.0,0.0,0.00851,0.950734,0.988755,0.008,2.32,1,0.006484
0.620828,0.206257,0.718059,0.562152,0.01396,0.013845,0.569414,0.105859,1.0,0.0,0.019082,0.991283,0.993157,0.018786,2.32,2,0.106602
0.625404,0.197646,0.721954,0.564336,0.01889,0.01689,0.580918,0.106699,1.0,0.0,0.031235,0.999934,0.991064,0.030954,2.32,3,0.027852
0.623259,0.199637,0.721314,0.56623,0.016443,0.014827,0.572656,0.106094,1.0,0.0,0.023987,0.995796,0.992601,0.023709,2.32,4,0.032344
0.626452,0.214476,0.748834,0.566134,0.016197,0.015907,0.574082,0.106504,1.0,0.0,0.02533,0.997268,0.991576,0.025048,2.32,5,0.019531
0.646465,0.204334,0.745932,0.584163,0.00786,0.007711,0.551348,0.109883,1.0,0.0,0.006036,0.937876,0.980656,0.005552,2.32,6,0.059492
0.631141,0.205341,0.746265,0.571451,0.017579,0.01751,0.570957,0.107266,1.0,0.0,0.030159,0.993632,0.989498,0.029652,2.32,7,0.012578
0.614125,0.214031,0.722479,0.560462,0.016132,0.015322,0.577129,0.106426,1.0,0.0,0.024316,0.999356,0.991776,0.0241,2.32,8,0.100195
0.645046,0.210484,0.755483,0.586522,0.017805,0.015296,0.573477,0.110469,1.0,0.0,0.026741,0.996681,0.97832,0.026075,2.32,9,0.038164
0.6409,0.208862,0.756848,0.578009,0.011682,0.011088,0.560059,0.108262,1.0,0.0,0.012842,0.96941,0.986442,0.01228,2.32,10,0.00293
0.640768,0.213382,0.764351,0.577168,0.016926,0.015198,0.576914,0.106797,1.0,0.0,0.025287,0.999256,0.990803,0.025036,2.32,11,0.093594
0.609029,0.203736,0.713554,0.555151,0.004089,0.004088,0.536289,0.106406,1.0,0.0,0.00167,0.861337,0.991826,0.001426,2.32,12,0.001289
0.585498,0.182212,0.625891,0.537183,0.017466,0.017297,0.573887,0.10375,1.0,0.0,0.029611,0.997085,0.997191,0.029442,2.32,13,0.008867
0.625218,0.209107,0.743384,0.568776,0.009534,0.00952,0.558145,0.108477,1.0,0.0,0.009022,0.96337,0.985732,0.008567,2.32,14,0.051172
0.611844,0.191697,0.710359,0.560038,0.008161,0.001817,0.552578,0.106914,1.0,0.0,0.001479,0.942945,0.990485,0.001382,2.32,15,0.025273
0.671865,0.20079,0.768299,0.604673,0.011476,0.010989,0.565937,0.112285,1.0,0.0,0.012506,0.984669,0.970266,0.011948,2.32,16,0.077383
0.611952,0.206732,0.717058,0.555055,0.018372,0.015755,0.579688,0.104629,1.0,0.0,0.02839,0.999992,0.995724,0.028268,2.32,17,0.004844
0.668827,0.209522,0.788339,0.599976,0.012952,0.012897,0.563203,0.11082,1.0,0.0,0.01652,0.978199,0.976856,0.015786,2.32,18,0.035352
0.62716,0.214321,0.747536,0.569417,0.022499,0.021151,0.588555,0.107793,1.0,0.0,0.046114,0.994299,0.987927,0.045297,2.32,19,0.038945
