model,L,param,seed,C_a,mean_H,op_up,op_down,mi1,tc_mean,gzip_ratio
Potts q=4,32,0.65,0,0.004348,0.02805,0.0,0.028489,0.000326,0.98385,0.034351
Potts q=4,32,0.65,1,0.007037,0.999147,0.330669,0.590795,0.820808,0.962415,0.10387
Potts q=4,32,0.65,2,0.403557,0.377545,0.0,0.239228,0.581948,0.976917,0.064636
Potts q=4,32,0.65,3,0.075572,0.069424,0.0,0.068824,0.367948,0.983142,0.044519
Potts q=4,32,0.65,4,0.038266,0.06071,0.0,0.059854,0.050757,0.978613,0.041211
Potts q=4,32,0.65,5,0.416978,0.589579,0.032297,0.332262,0.842456,0.973413,0.073181
Potts q=4,32,0.75,0,0.178927,0.143696,0.0,0.137232,0.031192,0.96665,0.060156
Potts q=4,32,0.75,1,0.553049,0.725569,0.0,0.444225,0.782487,0.96311,0.089905
Potts q=4,32,0.75,2,0.029734,0.063584,0.0,0.062894,0.000725,0.978137,0.041394
Potts q=4,32,0.75,3,0.521716,0.363598,0.0,0.260488,0.33846,0.965576,0.073621
Potts q=4,32,0.75,4,0.11236,0.096156,0.0,0.095084,0.064573,0.972864,0.04967
Potts q=4,32,0.75,5,0.297462,0.164896,0.0,0.162108,0.676228,0.97522,0.06792
Potts q=4,32,0.85,0,1.119461,0.351471,0.0,0.30935,0.315292,0.943738,0.0953
Potts q=4,32,0.85,1,0.697078,0.212027,0.0,0.203827,0.23528,0.951855,0.076196
Potts q=4,32,0.85,2,0.359157,0.141689,0.0,0.13918,0.183825,0.96449,0.062415
Potts q=4,32,0.85,3,1.089088,0.94046,0.329372,0.691223,0.614929,0.925159,0.140649
Potts q=4,32,0.85,4,1.407837,0.478086,0.142288,0.426381,0.646789,0.949609,0.116602
Potts q=4,32,0.85,5,1.17702,0.410243,0.0,0.366367,0.29086,0.931958,0.105518
Potts q=4,32,0.95,0,3.124149,0.747367,0.16859,0.678695,0.453904,0.872034,0.160986
Potts q=4,32,0.95,1,2.661317,0.705617,0.076529,0.637811,0.272707,0.882593,0.153979
Potts q=4,32,0.95,2,2.695839,0.856399,0.275073,0.742036,0.446316,0.877148,0.166064
Potts q=4,32,0.95,3,2.61321,0.864181,0.230752,0.744678,0.388858,0.878931,0.165356
Potts q=4,32,0.95,4,2.792817,0.796101,0.332133,0.69291,0.38808,0.879382,0.159741
Potts q=4,32,0.95,5,2.748147,0.896163,0.500944,0.782908,0.326683,0.869849,0.171362
Potts q=4,32,1.05,0,2.938732,0.804479,0.332603,0.743596,0.272133,0.841309,0.172607
Potts q=4,32,1.05,1,1.593562,0.893463,0.0,0.813201,0.342616,0.840869,0.182214
Potts q=4,32,1.05,2,3.418339,0.757644,0.261716,0.707459,0.260463,0.845874,0.168652
Potts q=4,32,1.05,3,2.414154,0.869604,0.076646,0.796978,0.32795,0.841064,0.181787
Potts q=4,32,1.05,4,2.379129,0.74654,0.03223,0.697052,0.284851,0.846277,0.166589
Potts q=4,32,1.05,5,3.048721,0.779024,0.255904,0.726844,0.296803,0.843774,0.172583
Potts q=4,32,1.15,0,2.977841,0.761476,0.142366,0.725675,0.241903,0.821033,0.173352
Potts q=4,32,1.15,1,2.850486,0.854042,0.141745,0.804119,0.245824,0.811462,0.184998
Potts q=4,32,1.15,2,3.157163,0.815125,0.313674,0.774756,0.262343,0.814734,0.182776
Potts q=4,32,1.15,3,3.176412,0.829805,0.30161,0.783443,0.24632,0.817896,0.181104
Potts q=4,32,1.15,4,3.215646,0.7937,0.316978,0.75479,0.217789,0.816968,0.17804
Potts q=4,32,1.15,5,3.292641,0.807928,0.324084,0.761428,0.250817,0.820312,0.178687
Potts q=4,32,1.3,0,3.318485,0.790889,0.329298,0.762141,0.183455,0.798145,0.180945
Potts q=4,32,1.3,1,3.025498,0.817042,0.331101,0.787089,0.191582,0.789087,0.1849
Potts q=4,32,1.3,2,3.003524,0.797567,0.320322,0.769362,0.159517,0.793311,0.182556
Potts q=4,32,1.3,3,3.165548,0.78686,0.282122,0.763202,0.209899,0.791797,0.181116
Potts q=4,32,1.3,4,3.021016,0.814374,0.329954,0.784371,0.173209,0.792029,0.183899
Potts q=4,32,1.3,5,3.077847,0.798884,0.310669,0.770565,0.22178,0.791138,0.182544
Potts q=4,32,1.55,0,3.12056,0.795572,0.313951,0.778873,0.173588,0.765063,0.185059
Potts q=4,32,1.55,1,3.012629,0.810425,0.331926,0.793959,0.161953,0.760205,0.186853
Potts q=4,32,1.55,2,3.137318,0.81997,0.30968,0.803575,0.149274,0.759802,0.189258
Potts q=4,32,1.55,3,2.644715,0.819241,0.325079,0.800596,0.093907,0.759021,0.188354
Potts q=4,32,1.55,4,2.950066,0.809237,0.331597,0.792487,0.127514,0.759216,0.186584
Potts q=4,32,1.55,5,2.695933,0.819778,0.322799,0.802718,0.103406,0.755615,0.188123
Potts q=4,32,1.9,0,2.672731,0.816567,0.322704,0.806031,0.092475,0.731702,0.1901
Potts q=4,32,1.9,1,2.537181,0.806224,0.33232,0.798195,0.069434,0.726721,0.189209
Potts q=4,32,1.9,2,2.374788,0.814011,0.314335,0.804122,0.066781,0.73241,0.189526
Potts q=4,32,1.9,3,2.605287,0.8128,0.328616,0.802177,0.080179,0.731384,0.189197
Potts q=4,32,1.9,4,2.513384,0.810479,0.330344,0.801648,0.079093,0.731128,0.189331
Potts q=4,32,1.9,5,2.387352,0.814502,0.325148,0.804646,0.058737,0.729089,0.18949
Potts q=4,64,0.65,0,0.179336,0.653023,0.0,0.351073,0.896067,0.974023,0.04277
Potts q=4,64,0.65,1,0.200768,0.863916,0.0,0.455516,0.879818,0.97261,0.050284
Potts q=4,64,0.65,2,0.178109,0.855177,0.0,0.449768,0.905701,0.973279,0.048599
Potts q=4,64,0.65,3,0.148624,0.502082,0.0,0.263427,0.867875,0.976379,0.035507
Potts q=4,64,0.65,4,0.286821,0.560109,0.240558,0.312289,0.84818,0.975513,0.040323
Potts q=4,64,0.65,5,0.01275,0.995176,0.0,0.529392,0.881108,0.970972,0.057874
Potts q=4,64,0.75,0,0.604604,0.814814,0.307419,0.477181,0.810577,0.961285,0.063672
Potts q=4,64,0.75,1,0.001922,0.999734,0.331905,0.584525,0.827714,0.958725,0.074927
Potts q=4,64,0.75,2,0.110219,0.117687,0.0,0.112418,0.101294,0.970273,0.031122
Potts q=4,64,0.75,3,0.327611,0.782419,0.0,0.439359,0.851761,0.965164,0.056516
Potts q=4,64,0.75,4,0.001809,0.999677,0.156302,0.562505,0.892404,0.961761,0.068243
Potts q=4,64,0.75,5,0.089585,0.976351,0.0,0.538431,0.828164,0.963098,0.06405
Potts q=4,64,0.85,0,1.199098,0.818063,0.332958,0.556942,0.621909,0.939658,0.084805
Potts q=4,64,0.85,1,0.421702,0.939303,0.0,0.611944,0.684374,0.940479,0.088687
Potts q=4,64,0.85,2,0.551941,0.919212,0.0,0.611586,0.692995,0.939685,0.089191
Potts q=4,64,0.85,3,0.734622,0.609913,0.0,0.440667,0.577249,0.942352,0.073563
Potts q=4,64,0.85,4,0.002049,0.999839,0.329487,0.67414,0.679122,0.935724,0.098117
Potts q=4,64,0.85,5,0.632421,0.945827,0.213353,0.634994,0.738416,0.936597,0.092963
Potts q=4,64,0.95,0,2.239384,0.848829,0.180865,0.730632,0.436102,0.877179,0.131201
Potts q=4,64,0.95,1,1.432433,0.863132,0.0,0.743991,0.415405,0.875833,0.132654
Potts q=4,64,0.95,2,1.441676,0.867023,0.0,0.743371,0.453325,0.878473,0.132104
Potts q=4,64,0.95,3,2.045039,0.765286,0.095338,0.656084,0.475147,0.888846,0.118069
Potts q=4,64,0.95,4,2.384408,0.782185,0.240354,0.67905,0.381757,0.881076,0.124362
Potts q=4,64,0.95,5,1.697736,0.899768,0.056064,0.7671,0.410174,0.877374,0.134515
Potts q=4,64,1.05,0,2.84047,0.778195,0.31035,0.71726,0.313729,0.848495,0.13428
Potts q=4,64,1.05,1,2.527724,0.808098,0.331844,0.746068,0.34147,0.84176,0.139459
Potts q=4,64,1.05,2,2.54882,0.820395,0.317862,0.751926,0.340048,0.844684,0.139896
Potts q=4,64,1.05,3,2.613508,0.811656,0.327531,0.748235,0.267892,0.842651,0.139984
Potts q=4,64,1.05,4,2.429731,0.828168,0.192442,0.759785,0.323999,0.843246,0.141208
Potts q=4,64,1.05,5,1.609211,0.854196,0.0,0.779834,0.302477,0.842459,0.144424
Potts q=4,64,1.15,0,2.695808,0.810141,0.333038,0.76425,0.255913,0.820004,0.144098
Potts q=4,64,1.15,1,2.703943,0.801495,0.288086,0.757789,0.223603,0.820441,0.143939
Potts q=4,64,1.15,2,2.513699,0.780571,0.112326,0.742141,0.20704,0.820944,0.141257
Potts q=4,64,1.15,3,2.691039,0.795026,0.248479,0.755032,0.222421,0.818439,0.143185
Potts q=4,64,1.15,4,2.736232,0.796591,0.231774,0.752625,0.251288,0.8216,0.14259
Potts q=4,64,1.15,5,2.626161,0.824961,0.276627,0.777938,0.256889,0.817896,0.14603
Potts q=4,64,1.3,0,2.707182,0.795468,0.270193,0.768874,0.177509,0.793298,0.146915
Potts q=4,64,1.3,1,2.769641,0.802561,0.329114,0.77448,0.180992,0.793112,0.147726
Potts q=4,64,1.3,2,2.695721,0.803459,0.33059,0.773098,0.172278,0.792725,0.147009
Potts q=4,64,1.3,3,2.743743,0.807171,0.327577,0.77783,0.21275,0.791348,0.147668
Potts q=4,64,1.3,4,2.612856,0.809682,0.332575,0.780295,0.190903,0.79119,0.148538
Potts q=4,64,1.3,5,2.650135,0.822584,0.29347,0.792586,0.174977,0.788797,0.150195
Potts q=4,64,1.55,0,2.510919,0.810926,0.33161,0.793748,0.110381,0.758499,0.151379
Potts q=4,64,1.55,1,2.500588,0.822777,0.270276,0.804587,0.133498,0.756085,0.1534
Potts q=4,64,1.55,2,2.501687,0.806462,0.303057,0.789507,0.11956,0.759137,0.150461
Potts q=4,64,1.55,3,2.472048,0.80529,0.303123,0.787702,0.123123,0.761221,0.150214
Potts q=4,64,1.55,4,2.487679,0.803757,0.282702,0.785503,0.12365,0.761118,0.149918
Potts q=4,64,1.55,5,2.489197,0.810862,0.332964,0.793054,0.120156,0.759756,0.151105
Potts q=4,64,1.9,0,2.15822,0.816415,0.303138,0.80576,0.073168,0.729663,0.153647
Potts q=4,64,1.9,1,2.381081,0.813914,0.327678,0.803273,0.097068,0.73075,0.153381
Potts q=4,64,1.9,2,2.423322,0.814293,0.329328,0.802979,0.102401,0.732086,0.153146
Potts q=4,64,1.9,3,2.122556,0.812752,0.330746,0.802047,0.061723,0.731638,0.153046
Potts q=4,64,1.9,4,2.292468,0.811379,0.333131,0.80074,0.086541,0.73222,0.152594
Potts q=4,64,1.9,5,2.233309,0.810283,0.327681,0.799345,0.074516,0.732544,0.152875
Potts q=4,128,0.65,0,0.146269,0.658423,0.0,0.337954,0.84696,0.975302,0.032565
Potts q=4,128,0.65,1,0.111678,0.915147,0.0,0.453767,0.880206,0.974613,0.038167
Potts q=4,128,0.65,2,0.125943,0.864927,0.0,0.435003,0.910573,0.974152,0.039344
Potts q=4,128,0.65,3,0.115645,0.793978,0.0,0.38141,0.893848,0.976307,0.030776
Potts q=4,128,0.65,4,0.147494,0.688609,0.0,0.352583,0.855169,0.975367,0.032932
Potts q=4,128,0.65,5,0.174875,0.535808,0.056219,0.289711,0.823641,0.975731,0.030698
Potts q=4,128,0.75,0,0.292635,0.651814,0.0,0.381545,0.75699,0.965343,0.045098
Potts q=4,128,0.75,1,0.281646,0.737668,0.0,0.419101,0.785782,0.965285,0.046568
Potts q=4,128,0.75,2,0.233908,0.489621,0.0,0.298838,0.757092,0.967563,0.038156
Potts q=4,128,0.75,3,0.248617,0.443111,0.0,0.285711,0.663399,0.966702,0.039449
Potts q=4,128,0.75,4,0.408236,0.812551,0.332719,0.444582,0.795423,0.965712,0.04624
Potts q=4,128,0.75,5,0.302882,0.829135,0.0,0.467979,0.803774,0.963249,0.05096
Potts q=4,128,0.85,0,0.831304,0.527483,0.128085,0.394231,0.610547,0.944175,0.060957
Potts q=4,128,0.85,1,0.419705,0.934819,0.0,0.618342,0.69982,0.938537,0.080135
Potts q=4,128,0.85,2,0.605183,0.88718,0.0,0.593753,0.70268,0.939313,0.079367
Potts q=4,128,0.85,3,0.85297,0.553245,0.232054,0.403892,0.624399,0.94436,0.06059
Potts q=4,128,0.85,4,0.687662,0.669284,0.0,0.476321,0.575549,0.940274,0.06875
Potts q=4,128,0.85,5,0.639352,0.685862,0.0,0.478612,0.623384,0.942148,0.067365
Potts q=4,128,0.95,0,2.040161,0.819848,0.203188,0.705785,0.456692,0.88073,0.115968
Potts q=4,128,0.95,1,1.982859,0.825226,0.1691,0.705606,0.437324,0.88272,0.115307
Potts q=4,128,0.95,2,2.041194,0.812255,0.32949,0.697153,0.437646,0.882689,0.113703
Potts q=4,128,0.95,3,2.037922,0.805792,0.248726,0.702859,0.420581,0.878963,0.116438
Potts q=4,128,0.95,4,1.414867,0.739371,0.0,0.649253,0.3878,0.883802,0.108845
Potts q=4,128,0.95,5,1.272861,0.868483,0.0,0.747496,0.415779,0.876278,0.121759
Potts q=4,128,1.05,0,2.425236,0.820296,0.263417,0.752402,0.300695,0.844704,0.127232
Potts q=4,128,1.05,1,2.353573,0.821484,0.256321,0.755111,0.3153,0.843457,0.128197
Potts q=4,128,1.05,2,2.364719,0.820665,0.293687,0.753856,0.294431,0.8437,0.128108
Potts q=4,128,1.05,3,2.366026,0.812017,0.332657,0.745337,0.308802,0.845374,0.126743
Potts q=4,128,1.05,4,2.294029,0.813071,0.321036,0.748021,0.309884,0.843738,0.12713
Potts q=4,128,1.05,5,2.287283,0.79748,0.142649,0.735739,0.299567,0.844386,0.125307
Potts q=4,128,1.15,0,2.463904,0.803958,0.288418,0.759547,0.236803,0.819755,0.130788
Potts q=4,128,1.15,1,2.481794,0.813102,0.325815,0.766584,0.245972,0.819653,0.131447
Potts q=4,128,1.15,2,2.515923,0.798009,0.263492,0.754322,0.228314,0.820513,0.129803
Potts q=4,128,1.15,3,2.434954,0.815938,0.311286,0.769135,0.231693,0.819108,0.13201
Potts q=4,128,1.15,4,2.525687,0.823481,0.248531,0.775661,0.242049,0.819044,0.133023
Potts q=4,128,1.15,5,2.45664,0.823964,0.256276,0.777428,0.230376,0.817301,0.133369
Potts q=4,128,1.3,0,2.467953,0.812437,0.325863,0.781692,0.19467,0.792031,0.134994
Potts q=4,128,1.3,1,2.469172,0.80645,0.307389,0.776793,0.178743,0.792085,0.134491
Potts q=4,128,1.3,2,2.453986,0.811469,0.331923,0.780744,0.189874,0.792824,0.134731
Potts q=4,128,1.3,3,2.390158,0.817212,0.232032,0.786632,0.171984,0.790321,0.135889
Potts q=4,128,1.3,4,2.43367,0.81477,0.325868,0.784391,0.174192,0.789919,0.135472
Potts q=4,128,1.3,5,2.415914,0.819696,0.222959,0.789258,0.181487,0.790009,0.136204
Potts q=4,128,1.55,0,2.383461,0.812659,0.33308,0.793986,0.125289,0.760418,0.13789
Potts q=4,128,1.55,1,2.336666,0.81009,0.323604,0.792019,0.127165,0.759589,0.137429
Potts q=4,128,1.55,2,2.315392,0.816359,0.24871,0.797891,0.128913,0.758675,0.138277
Potts q=4,128,1.55,3,2.307173,0.810496,0.329511,0.792269,0.118361,0.760564,0.137493
Potts q=4,128,1.55,4,2.321668,0.810976,0.333141,0.792482,0.127265,0.760587,0.13751
Potts q=4,128,1.55,5,2.349752,0.8118,0.332639,0.793622,0.122786,0.759676,0.137611
Potts q=4,128,1.9,0,2.0896,0.810921,0.331934,0.799833,0.079006,0.731607,0.139023
Potts q=4,128,1.9,1,2.085243,0.81412,0.303213,0.803269,0.081053,0.73075,0.139613
Potts q=4,128,1.9,2,2.124423,0.813571,0.288461,0.802241,0.087706,0.731541,0.139527
Potts q=4,128,1.9,3,2.168963,0.811295,0.33193,0.80014,0.091578,0.731878,0.139211
Potts q=4,128,1.9,4,2.091409,0.810487,0.331927,0.799499,0.077365,0.731754,0.139015
Potts q=4,128,1.9,5,2.065789,0.809706,0.3259,0.798768,0.076725,0.732098,0.139005
Majority Vote,32,0.01,0,0.010424,0.996378,0.0,0.60016,0.880795,0.977283,0.103308
Majority Vote,32,0.01,1,0.445865,0.823994,0.12804,0.520834,0.894894,0.9776,0.102686
Majority Vote,32,0.01,2,0.112445,0.929681,0.0,0.628051,0.940212,0.977283,0.105725
Majority Vote,32,0.01,3,0.214009,0.896867,0.0,0.557634,0.922268,0.977405,0.10127
Majority Vote,32,0.01,4,0.036951,0.986732,0.0,0.64552,0.914508,0.97821,0.108984
Majority Vote,32,0.01,5,0.001389,0.999442,0.0,0.615197,0.887952,0.976855,0.109937
Majority Vote,32,0.03,0,0.065131,0.980057,0.0,0.590379,0.82897,0.957739,0.106641
Majority Vote,32,0.03,1,0.687091,0.540895,0.333203,0.368398,0.821087,0.956873,0.088379
Majority Vote,32,0.03,2,0.413365,0.651675,0.0,0.394161,0.711382,0.957813,0.083704
Majority Vote,32,0.03,3,0.271297,0.2852,0.0,0.222807,0.020025,0.957703,0.070801
Majority Vote,32,0.03,4,0.024245,0.995175,0.0,0.611366,0.78713,0.958252,0.108545
Majority Vote,32,0.03,5,0.016613,0.994701,0.0,0.619319,0.751814,0.956702,0.100513
Majority Vote,32,0.05,0,0.939871,0.538019,0.320762,0.403736,0.718142,0.940125,0.096252
Majority Vote,32,0.05,1,0.941196,0.595275,0.095382,0.409032,0.686386,0.940662,0.09635
Majority Vote,32,0.05,2,0.814546,0.417384,0.0,0.320615,0.516348,0.937903,0.08783
Majority Vote,32,0.05,3,0.324395,0.164368,0.0,0.165287,0.00787,0.940601,0.069348
Majority Vote,32,0.05,4,0.453854,0.307121,0.0,0.26347,0.000592,0.938733,0.083875
Majority Vote,32,0.05,5,0.005146,0.999437,0.112402,0.570447,0.726162,0.938708,0.101282
Majority Vote,32,0.07,0,0.051426,0.995198,0.0,0.609352,0.56814,0.918518,0.112793
Majority Vote,32,0.07,1,1.155411,0.564284,0.192433,0.428776,0.56395,0.918982,0.105969
Majority Vote,32,0.07,2,1.162416,0.399419,0.0,0.342248,0.524976,0.920215,0.100623
Majority Vote,32,0.07,3,0.50141,0.219204,0.0,0.219908,0.010517,0.920422,0.082458
Majority Vote,32,0.07,4,0.312703,0.970585,0.0,0.674943,0.346477,0.916919,0.128638
Majority Vote,32,0.07,5,0.007209,0.999064,0.0,0.685556,0.578328,0.918054,0.123645
Majority Vote,32,0.09,0,1.182562,0.888013,0.0,0.664202,0.298396,0.900293,0.137573
Majority Vote,32,0.09,1,0.641375,0.267133,0.0,0.267959,0.003995,0.901807,0.093188
Majority Vote,32,0.09,2,0.622458,0.266434,0.0,0.267047,0.003433,0.902576,0.092676
Majority Vote,32,0.09,3,0.498636,0.963979,0.11232,0.621601,0.495108,0.900476,0.116528
Majority Vote,32,0.09,4,0.615837,0.261011,0.0,0.26174,0.009287,0.905432,0.091809
Majority Vote,32,0.09,5,0.690674,0.644396,0.0,0.504326,7.4e-05,0.901318,0.117273
Majority Vote,32,0.11,0,1.399812,0.641086,0.0,0.533248,0.362364,0.882104,0.129932
Majority Vote,32,0.11,1,1.734442,0.834117,0.112309,0.594485,0.515562,0.882666,0.120935
Majority Vote,32,0.11,2,0.713094,0.30889,0.0,0.309368,0.008778,0.88606,0.101172
Majority Vote,32,0.11,3,0.754798,0.316828,0.0,0.317669,0.000189,0.883862,0.103125
Majority Vote,32,0.11,4,1.601649,0.723106,0.032242,0.56398,0.124144,0.882349,0.127515
Majority Vote,32,0.11,5,0.733766,0.318249,0.0,0.318755,0.000777,0.881824,0.102783
Majority Vote,32,0.14,0,0.831048,0.374535,0.0,0.37508,0.001157,0.858936,0.113025
Majority Vote,32,0.14,1,0.851875,0.377256,0.0,0.377945,0.002544,0.857776,0.114526
Majority Vote,32,0.14,2,0.830778,0.373948,0.0,0.374457,0.000345,0.859277,0.114465
Majority Vote,32,0.14,3,0.862136,0.375264,0.0,0.376066,0.004137,0.858801,0.113977
Majority Vote,32,0.14,4,0.855117,0.378828,0.0,0.379355,0.008567,0.858679,0.115417
Majority Vote,32,0.14,5,0.84749,0.372386,0.0,0.373053,0.005031,0.858069,0.113562
Majority Vote,32,0.18,0,1.304336,0.687603,0.0,0.62897,0.068112,0.818933,0.151648
Majority Vote,32,0.18,1,0.942015,0.46417,0.0,0.464608,0.00439,0.822961,0.129883
Majority Vote,32,0.18,2,0.965136,0.466915,0.0,0.467596,0.004207,0.819617,0.130554
Majority Vote,32,0.18,3,1.478171,0.474682,0.056077,0.475028,0.001513,0.821301,0.132556
Majority Vote,32,0.18,4,1.285924,0.47182,0.032221,0.472423,0.004793,0.819202,0.132092
Majority Vote,32,0.18,5,1.610775,0.489943,0.076787,0.489361,0.008425,0.817834,0.135217
Majority Vote,64,0.01,0,0.016707,0.988864,0.0,0.589421,0.913805,0.97767,0.068652
Majority Vote,64,0.01,1,0.138646,0.919282,0.0,0.574711,0.913742,0.977039,0.071967
Majority Vote,64,0.01,2,0.002193,0.998718,0.0,0.593615,0.913229,0.977301,0.07186
Majority Vote,64,0.01,3,0.046621,0.968991,0.0,0.55821,0.905388,0.977304,0.066977
Majority Vote,64,0.01,4,0.011157,0.994057,0.0,0.617073,0.898994,0.977435,0.075092
Majority Vote,64,0.01,5,0.021228,0.987243,0.0,0.584265,0.954358,0.977292,0.072281
Majority Vote,64,0.03,0,0.03187,0.992871,0.0,0.582051,0.764102,0.957321,0.06958
Majority Vote,64,0.03,1,0.236058,0.906797,0.0,0.514756,0.767564,0.957465,0.062247
Majority Vote,64,0.03,2,0.002265,0.999227,0.0,0.573928,0.802678,0.957462,0.068503
Majority Vote,64,0.03,3,0.365052,0.854974,0.0,0.525716,0.775199,0.958078,0.067123
Majority Vote,64,0.03,4,0.082921,0.97993,0.0,0.565559,0.764361,0.958347,0.067484
Majority Vote,64,0.03,5,0.107292,0.963743,0.0,0.55342,0.839332,0.957913,0.067538
Majority Vote,64,0.05,0,0.322056,0.946193,0.0,0.594255,0.709782,0.938589,0.080115
Majority Vote,64,0.05,1,0.375664,0.844423,0.0,0.530484,0.642452,0.93855,0.072296
Majority Vote,64,0.05,2,0.000238,0.999975,0.311334,0.596567,0.688371,0.938464,0.076834
Majority Vote,64,0.05,3,0.210897,0.967594,0.0,0.615004,0.715663,0.938223,0.08317
Majority Vote,64,0.05,4,0.067606,0.989359,0.0,0.629539,0.711426,0.937732,0.083167
Majority Vote,64,0.05,5,0.069521,0.980396,0.0,0.584255,0.705142,0.938446,0.076019
Majority Vote,64,0.07,0,0.018823,0.99772,0.0,0.64737,0.610718,0.919553,0.089594
Majority Vote,64,0.07,1,1.083211,0.814691,0.30322,0.525804,0.639189,0.91936,0.074918
Majority Vote,64,0.07,2,0.122178,0.978012,0.0,0.623967,0.663647,0.920157,0.084628
Majority Vote,64,0.07,3,0.704747,0.695601,0.0,0.499143,0.580957,0.919275,0.076599
Majority Vote,64,0.07,4,0.113255,0.98044,0.0,0.60779,0.643355,0.919296,0.079504
Majority Vote,64,0.07,5,0.17646,0.966374,0.0,0.606631,0.643534,0.920789,0.082507
Majority Vote,64,0.09,0,0.088984,0.989565,0.0,0.653251,0.568316,0.900323,0.091788
Majority Vote,64,0.09,1,1.317051,0.803569,0.169121,0.569839,0.530312,0.900302,0.088013
Majority Vote,64,0.09,2,0.094324,0.987691,0.0,0.647711,0.548919,0.900714,0.089658
Majority Vote,64,0.09,3,0.732703,0.743127,0.0,0.539651,0.467551,0.902307,0.082666
Majority Vote,64,0.09,4,0.493339,0.944104,0.0,0.636803,0.543571,0.900409,0.091434
Majority Vote,64,0.09,5,0.626702,0.881747,0.0,0.608386,0.559131,0.898926,0.091516
Majority Vote,64,0.11,0,0.314509,0.967218,0.0,0.68076,0.503848,0.880106,0.100226
Majority Vote,64,0.11,1,0.373812,0.963674,0.0,0.675544,0.490314,0.88111,0.100311
Majority Vote,64,0.11,2,0.008305,0.99908,0.0,0.672156,0.499177,0.882538,0.092499
Majority Vote,64,0.11,3,0.690931,0.88323,0.0,0.625145,0.44563,0.882761,0.092612
Majority Vote,64,0.11,4,1.338787,0.826608,0.076886,0.604917,0.390324,0.882526,0.094525
Majority Vote,64,0.11,5,0.216934,0.978819,0.0,0.684076,0.532262,0.880893,0.099921
Majority Vote,64,0.14,0,0.176484,0.980736,0.0,0.726706,0.445219,0.856274,0.110553
Majority Vote,64,0.14,1,1.089165,0.859245,0.0,0.656135,0.32717,0.855713,0.103229
Majority Vote,64,0.14,2,0.131505,0.987303,0.0,0.718488,0.430542,0.855991,0.104669
Majority Vote,64,0.14,3,1.231002,0.736469,0.0,0.602014,0.281144,0.856238,0.102023
Majority Vote,64,0.14,4,0.051143,0.994756,0.0,0.713584,0.452618,0.854684,0.100815
Majority Vote,64,0.14,5,0.006598,0.999608,0.112416,0.735253,0.433198,0.853888,0.110605
Majority Vote,64,0.18,0,0.010757,0.999389,0.128078,0.79735,0.364928,0.818771,0.126584
Majority Vote,64,0.18,1,0.111041,0.990832,0.0,0.77459,0.337356,0.820667,0.118469
Majority Vote,64,0.18,2,0.949173,0.898759,0.0,0.732424,0.278476,0.818655,0.118729
Majority Vote,64,0.18,3,0.700712,0.962669,0.142628,0.764344,0.351606,0.820432,0.118286
Majority Vote,64,0.18,4,0.033706,0.997196,0.0,0.779852,0.338794,0.819348,0.118198
Majority Vote,64,0.18,5,0.002559,0.999877,0.321014,0.792049,0.314224,0.818576,0.12489
Majority Vote,128,0.01,0,0.005642,0.996196,0.0,0.584459,0.934138,0.977481,0.061106
Majority Vote,128,0.01,1,0.001788,0.99883,0.0,0.575217,0.923908,0.977331,0.05926
Majority Vote,128,0.01,2,0.009094,0.994832,0.0,0.58481,0.923146,0.977231,0.062689
Majority Vote,128,0.01,3,9.7e-05,0.999934,0.0,0.596986,0.922321,0.977467,0.064684
Majority Vote,128,0.01,4,0.000214,0.999848,0.0,0.603014,0.914734,0.977503,0.064446
Majority Vote,128,0.01,5,0.001013,0.999254,0.0,0.582244,0.931465,0.977356,0.061668
Majority Vote,128,0.03,0,0.005251,0.998183,0.0,0.577859,0.788538,0.957716,0.062754
Majority Vote,128,0.03,1,0.03341,0.989814,0.0,0.56058,0.796479,0.957478,0.058801
Majority Vote,128,0.03,2,0.061092,0.982587,0.0,0.570339,0.786358,0.957886,0.062555
Majority Vote,128,0.03,3,0.000103,0.999966,0.0,0.572994,0.798564,0.957647,0.061933
Majority Vote,128,0.03,4,0.001682,0.999436,0.0,0.598168,0.823918,0.957655,0.065575
Majority Vote,128,0.03,5,0.043079,0.988136,0.0,0.565126,0.799809,0.95778,0.061098
Majority Vote,128,0.05,0,0.001125,0.999763,0.0,0.595157,0.719468,0.938613,0.06677
Majority Vote,128,0.05,1,0.345996,0.954069,0.329556,0.574368,0.700885,0.938259,0.065921
Majority Vote,128,0.05,2,0.010767,0.997257,0.0,0.591181,0.731238,0.9387,0.065997
Majority Vote,128,0.05,3,0.028782,0.99339,0.0,0.588921,0.709959,0.938497,0.066339
Majority Vote,128,0.05,4,0.181528,0.966105,0.0,0.590292,0.693795,0.938118,0.068771
Majority Vote,128,0.05,5,0.051108,0.987049,0.0,0.582472,0.72304,0.938527,0.06534
Majority Vote,128,0.07,0,0.034515,0.993855,0.0,0.617219,0.632379,0.918912,0.071849
Majority Vote,128,0.07,1,0.106964,0.979763,0.0,0.597613,0.6282,0.919878,0.067923
Majority Vote,128,0.07,2,0.115209,0.976577,0.0,0.597377,0.618227,0.919519,0.068516
Majority Vote,128,0.07,3,0.002985,0.999518,0.0,0.630843,0.625556,0.918826,0.075574
Majority Vote,128,0.07,4,0.006126,0.998836,0.0,0.604659,0.617934,0.919514,0.068089
Majority Vote,128,0.07,5,0.115745,0.980505,0.0,0.600966,0.639699,0.919392,0.069215
Majority Vote,128,0.09,0,0.014411,0.997795,0.0,0.650778,0.562155,0.900684,0.079191
Majority Vote,128,0.09,1,0.036802,0.994893,0.0,0.644906,0.577311,0.901104,0.077926
Majority Vote,128,0.09,2,0.462551,0.933333,0.0,0.628066,0.543428,0.900701,0.079897
Majority Vote,128,0.09,3,0.110294,0.985412,0.0,0.644362,0.578117,0.90089,0.078951
Majority Vote,128,0.09,4,0.001144,0.999851,0.0,0.650081,0.561908,0.9012,0.079206
Majority Vote,128,0.09,5,0.1016,0.984629,0.0,0.646034,0.549185,0.900398,0.080201
Majority Vote,128,0.11,0,0.605231,0.957225,0.293731,0.669644,0.497903,0.882534,0.087138
Majority Vote,128,0.11,1,0.022876,0.996785,0.0,0.672656,0.511563,0.882398,0.082899
Majority Vote,128,0.11,2,0.158758,0.981289,0.0,0.667328,0.498729,0.881838,0.083455
Majority Vote,128,0.11,3,0.025635,0.997157,0.0,0.68612,0.514312,0.882297,0.087468
Majority Vote,128,0.11,4,0.089948,0.989804,0.0,0.689179,0.486109,0.88155,0.089801
Majority Vote,128,0.11,5,0.033756,0.995824,0.0,0.680967,0.486926,0.88209,0.086526
Majority Vote,128,0.14,0,0.017818,0.99809,0.0,0.723807,0.434691,0.855165,0.094682
Majority Vote,128,0.14,1,0.007182,0.999062,0.0,0.718492,0.437264,0.855579,0.092695
Majority Vote,128,0.14,2,0.010306,0.998954,0.0,0.729559,0.436944,0.854861,0.096742
Majority Vote,128,0.14,3,0.108331,0.988683,0.0,0.7236,0.425255,0.854754,0.095992
Majority Vote,128,0.14,4,0.164849,0.983529,0.0,0.717736,0.410709,0.855331,0.094753
Majority Vote,128,0.14,5,0.221351,0.976636,0.0,0.717599,0.419756,0.854954,0.095637
Majority Vote,128,0.18,0,0.302701,0.974055,0.0,0.777426,0.323953,0.818789,0.111026
Majority Vote,128,0.18,1,0.559259,0.941397,0.0,0.749832,0.324921,0.82027,0.105717
Majority Vote,128,0.18,2,0.095064,0.99174,0.0,0.779354,0.335879,0.819817,0.108489
Majority Vote,128,0.18,3,0.013491,0.998866,0.0,0.787977,0.350896,0.818343,0.110464
Majority Vote,128,0.18,4,0.171962,0.985668,0.0,0.776667,0.329049,0.818927,0.108363
Majority Vote,128,0.18,5,0.102027,0.990701,0.0,0.780979,0.331758,0.819497,0.109485
